"","AphiaID","adult","larva","larva_other","other","polygastric"
"1",4,NA,NA,NA,NA,NA
"2",11,"benthos",NA,NA,NA,NA
"3",90,"benthos","benthos",NA,NA,NA
"4",101,"benthos",NA,NA,NA,NA
"5",135,NA,NA,NA,NA,NA
"6",162,NA,NA,NA,NA,NA
"7",206,"benthos",NA,NA,NA,NA
"8",211,"benthos",NA,NA,NA,NA
"9",229,"benthos",NA,NA,NA,NA
"10",232,"benthos",NA,NA,NA,NA
"11",243,"benthos",NA,NA,NA,NA
"12",559,"macrobenthos",NA,NA,NA,NA
"13",801,"algae",NA,NA,NA,NA
"14",827,"algae",NA,NA,NA,NA
"15",830,"algae",NA,NA,NA,NA
"16",842,"algae",NA,NA,NA,NA
"17",844,"algae",NA,NA,NA,NA
"18",882,NA,NA,NA,NA,NA
"19",892,"benthos","zooplankton",NA,NA,NA
"20",903,"benthos","zooplankton",NA,NA,NA
"21",913,"benthos","zooplankton",NA,NA,NA
"22",919,"benthos","zooplankton",NA,NA,NA
"23",924,"benthos","zooplankton",NA,NA,NA
"24",931,"benthos","zooplankton",NA,NA,NA
"25",948,"benthos","zooplankton",NA,NA,NA
"26",965,"macrobenthos",NA,NA,NA,NA
"27",966,"benthos","zooplankton",NA,NA,NA
"28",985,"benthos","zooplankton",NA,NA,NA
"29",988,"benthos","zooplankton",NA,NA,NA
"30",1065,NA,NA,NA,NA,NA
"31",1086,NA,NA,NA,NA,NA
"32",1091,"benthos",NA,NA,NA,NA
"33",1100,"zooplankton","zooplankton",NA,NA,NA
"34",1101,"zooplankton","zooplankton",NA,NA,NA
"35",1102,"meiobenthos",NA,NA,NA,NA
"36",1106,"zooplankton",NA,NA,NA,NA
"37",1249,"macroplankton","zooplankton",NA,NA,NA
"38",1267,NA,NA,NA,NA,NA
"39",1292,"macrobenthos",NA,"zooplankton",NA,NA
"40",1300,NA,NA,NA,NA,NA
"41",1317,NA,NA,NA,NA,NA
"42",1328,NA,NA,NA,NA,NA
"43",1340,"macrobenthos",NA,"zooplankton",NA,NA
"44",1348,"benthos",NA,NA,NA,NA
"45",1358,"macrobenthos",NA,NA,NA,NA
"46",1360,NA,NA,"macrobenthos",NA,NA
"47",1407,NA,NA,NA,NA,NA
"48",1606,NA,"zooplankton","benthos",NA,NA
"49",1614,NA,"zooplankton","benthos",NA,NA
"50",1820,"megabenthos",NA,NA,NA,NA
"51",2038,"benthos",NA,NA,NA,NA
"52",2138,NA,NA,NA,NA,NA
"53",2139,NA,NA,NA,NA,NA
"54",2143,NA,NA,NA,NA,NA
"55",2162,NA,NA,NA,NA,NA
"56",2190,NA,NA,NA,NA,NA
"57",2198,NA,NA,NA,NA,NA
"58",2313,"meiobenthos",NA,NA,NA,NA
"59",2415,"meiobenthos",NA,NA,NA,NA
"60",2469,NA,NA,NA,NA,NA
"61",2504,"meiobenthos",NA,NA,NA,NA
"62",2557,NA,NA,NA,NA,NA
"63",2573,NA,NA,NA,NA,NA
"64",2588,NA,NA,NA,NA,NA
"65",2847,"macrobenthos",NA,NA,NA,NA
"66",2853,"turbellaria",NA,NA,NA,NA
"67",10295,"fish",NA,NA,NA,NA
"68",10318,"fish",NA,NA,NA,NA
"69",13551,NA,"zooplankton","benthos",NA,NA
"70",13552,NA,"zooplankton","benthos",NA,NA
"71",14164,"benthos",NA,NA,NA,NA
"72",14629,"benthos",NA,NA,NA,NA
"73",14665,NA,"zooplankton","benthos",NA,NA
"74",15308,"algae",NA,NA,NA,NA
"75",17330,"algae",NA,NA,NA,NA
"76",17640,"algae",NA,NA,NA,NA
"77",17651,"phytoplankton",NA,NA,NA,NA
"78",17903,NA,NA,NA,NA,NA
"79",17904,NA,NA,NA,NA,NA
"80",19542,"nanoplankton",NA,NA,NA,NA
"81",21890,NA,NA,NA,NA,NA
"82",22156,NA,NA,NA,NA,NA
"83",22496,"benthos","zooplankton",NA,NA,NA
"84",22754,NA,NA,NA,NA,NA
"85",22805,"macrobenthos",NA,NA,NA,NA
"86",22966,"algae",NA,NA,NA,NA
"87",100013,NA,NA,NA,NA,NA
"88",100018,NA,NA,NA,NA,NA
"89",100021,NA,NA,NA,NA,NA
"90",100036,NA,NA,NA,NA,NA
"91",100044,NA,NA,NA,NA,NA
"92",100079,NA,NA,NA,NA,NA
"93",100126,NA,NA,NA,NA,NA
"94",100182,NA,NA,NA,NA,NA
"95",100248,NA,NA,NA,NA,NA
"96",100447,NA,NA,NA,NA,NA
"97",100553,NA,NA,NA,NA,NA
"98",100653,NA,NA,"macrobenthos",NA,NA
"99",100681,NA,NA,"macrobenthos",NA,NA
"100",100685,"macrobenthos",NA,NA,NA,NA
"101",100694,NA,NA,"macrobenthos",NA,NA
"102",100706,NA,NA,"macrobenthos",NA,NA
"103",100785,"macrobenthos",NA,NA,NA,NA
"104",101182,"zooplankton",NA,NA,NA,NA
"105",101183,"zooplankton",NA,NA,NA,NA
"106",101195,"zooplankton",NA,NA,NA,NA
"107",101289,"mixoplankton",NA,NA,NA,NA
"108",101350,"zooplankton",NA,NA,NA,NA
"109",101385,NA,NA,NA,NA,NA
"110",101569,"benthos",NA,NA,NA,NA
"111",101822,"macrobenthos",NA,NA,NA,NA
"112",101846,"macrobenthos",NA,NA,NA,NA
"113",101864,"macrobenthos",NA,NA,NA,NA
"114",101992,"macrobenthos",NA,NA,NA,NA
"115",102002,"macrobenthos",NA,NA,NA,NA
"116",102012,"macrobenthos",NA,NA,NA,NA
"117",102046,"macrobenthos",NA,NA,NA,NA
"118",102052,"macrobenthos",NA,NA,NA,NA
"119",102101,"macrobenthos",NA,NA,NA,NA
"120",102135,"macrobenthos",NA,NA,NA,NA
"121",102136,"macrobenthos",NA,NA,NA,NA
"122",102168,"macrobenthos",NA,NA,NA,NA
"123",102178,"macrobenthos",NA,NA,NA,NA
"124",102251,"macrobenthos",NA,NA,NA,NA
"125",102281,"macrobenthos",NA,NA,NA,NA
"126",102308,"macrobenthos",NA,NA,NA,NA
"127",102412,"macrobenthos",NA,NA,NA,NA
"128",102431,"macrobenthos",NA,NA,NA,NA
"129",102437,"macrobenthos",NA,NA,NA,NA
"130",102440,"macrobenthos",NA,NA,NA,NA
"131",102788,"macrobenthos",NA,NA,NA,NA
"132",102805,"macrobenthos",NA,NA,NA,NA
"133",102811,"macrobenthos",NA,NA,NA,NA
"134",102843,"macrobenthos",NA,NA,NA,NA
"135",103339,"algae",NA,NA,NA,NA
"136",103344,"algae",NA,NA,NA,NA
"137",103356,"zooplankton",NA,NA,NA,NA
"138",103424,NA,NA,NA,NA,NA
"139",103425,NA,NA,NA,NA,NA
"140",103436,"macrobenthos","zooplankton",NA,NA,NA
"141",103443,"macrobenthos","zooplankton",NA,NA,NA
"142",103447,"macrobenthos","zooplankton",NA,NA,NA
"143",103484,"macrobenthos","zooplankton",NA,NA,NA
"144",103579,"macrobenthos","zooplankton",NA,NA,NA
"145",103647,"macrobenthos","zooplankton",NA,NA,NA
"146",103719,"macrobenthos","zooplankton",NA,NA,NA
"147",103732,"macrobenthos","zooplankton",NA,NA,NA
"148",103776,"macrobenthos","zooplankton",NA,NA,NA
"149",103791,"macrobenthos","zooplankton",NA,NA,NA
"150",103796,"macrobenthos","zooplankton",NA,NA,NA
"151",103862,"macrobenthos","zooplankton",NA,NA,NA
"152",103882,"macrobenthos","zooplankton",NA,NA,NA
"153",104016,"zooplankton",NA,NA,NA,NA
"154",104152,"macroplankton",NA,NA,NA,NA
"155",104157,"macroplankton",NA,NA,NA,NA
"156",104196,"mesoplankton",NA,NA,NA,NA
"157",104464,"macroplankton",NA,NA,NA,NA
"158",104483,"macroplankton",NA,NA,NA,NA
"159",104496,"mesoplankton",NA,NA,NA,NA
"160",104499,"mesoplankton",NA,NA,NA,NA
"161",104501,"mesoplankton",NA,NA,NA,NA
"162",104878,"mesoplankton",NA,NA,NA,NA
"163",105085,NA,NA,NA,NA,NA
"164",105413,"benthos",NA,NA,NA,NA
"165",105498,NA,NA,NA,NA,NA
"166",105500,NA,NA,NA,NA,NA
"167",105513,"zooplankton",NA,NA,NA,NA
"168",105535,"zooplankton",NA,NA,NA,NA
"169",105571,"microplankton",NA,NA,NA,NA
"170",105598,"zooplankton",NA,NA,NA,NA
"171",105601,"zooplankton",NA,NA,NA,NA
"172",105645,"zooplankton",NA,NA,NA,NA
"173",105682,"zooplankton",NA,NA,NA,NA
"174",105684,"zooplankton",NA,NA,NA,NA
"175",105762,"fish",NA,NA,NA,NA
"176",106039,"benthos","zooplankton",NA,NA,NA
"177",106057,"benthos","zooplankton",NA,NA,NA
"178",106058,"benthos","zooplankton",NA,NA,NA
"179",106122,"benthos","zooplankton",NA,NA,NA
"180",106210,"benthos","zooplankton",NA,NA,NA
"181",106213,"benthos","zooplankton",NA,NA,NA
"182",106230,"benthos","zooplankton",NA,NA,NA
"183",106231,"benthos","zooplankton",NA,NA,NA
"184",106257,"benthos","zooplankton",NA,NA,NA
"185",106273,"mesoplankton",NA,NA,NA,NA
"186",106276,"mesoplankton",NA,NA,NA,NA
"187",106282,"phytoplankton",NA,NA,NA,NA
"188",106286,"phytoplankton",NA,NA,NA,NA
"189",106287,"phytoplankton",NA,NA,NA,NA
"190",106316,"phytoplankton",NA,NA,NA,NA
"191",106375,"macroplankton","zooplankton",NA,NA,NA
"192",106651,"mesoplankton",NA,NA,NA,NA
"193",106656,"mesoplankton",NA,NA,NA,NA
"194",106670,"benthos","zooplankton",NA,NA,NA
"195",106680,"macrobenthos","zooplankton",NA,NA,NA
"196",106702,"macrobenthos","zooplankton",NA,NA,NA
"197",106738,"benthos","zooplankton",NA,NA,NA
"198",106741,"macrobenthos","zooplankton",NA,NA,NA
"199",106769,"macrobenthos","zooplankton",NA,NA,NA
"200",106776,"macrobenthos",NA,NA,NA,NA
"201",106777,"macrobenthos",NA,NA,NA,NA
"202",106788,"macrobenthos",NA,NA,NA,NA
"203",107150,"macrobenthos",NA,NA,NA,NA
"204",107188,"macrobenthos",NA,"macroplankton",NA,NA
"205",107190,"macrobenthos",NA,"macroplankton",NA,NA
"206",107232,"macrobenthos","zooplankton",NA,NA,NA
"207",107253,"megabenthos",NA,NA,NA,NA
"208",107276,"megabenthos",NA,NA,NA,NA
"209",107319,"macrobenthos","zooplankton",NA,NA,NA
"210",107322,"macrobenthos","zooplankton",NA,NA,NA
"211",107381,"macrobenthos","zooplankton",NA,NA,NA
"212",107398,"macrobenthos","zooplankton",NA,NA,NA
"213",107418,"macrobenthos","zooplankton",NA,NA,NA
"214",107440,"macrobenthos","zooplankton",NA,NA,NA
"215",107441,"macrobenthos","zooplankton",NA,NA,NA
"216",107518,"macrobenthos",NA,NA,NA,NA
"217",107614,"macrobenthos",NA,NA,NA,NA
"218",107616,"macrobenthos",NA,NA,NA,NA
"219",108400,NA,NA,NA,NA,NA
"220",108479,NA,NA,NA,NA,NA
"221",108505,NA,NA,NA,NA,NA
"222",109051,NA,NA,NA,NA,NA
"223",109391,"nanoplankton",NA,NA,NA,NA
"224",109392,"nanoplankton",NA,NA,NA,NA
"225",109393,"nanoplankton",NA,NA,NA,NA
"226",109394,"nanoplankton",NA,NA,NA,NA
"227",109410,"nanoplankton",NA,NA,NA,NA
"228",109438,"nanoplankton",NA,NA,NA,NA
"229",109445,"nanoplankton",NA,NA,NA,NA
"230",109448,"zooplankton",NA,NA,NA,NA
"231",109462,"phytoplankton",NA,NA,NA,NA
"232",109466,"phytoplankton",NA,NA,NA,NA
"233",109467,"phytoplankton",NA,NA,NA,NA
"234",109470,"phytoplankton",NA,NA,NA,NA
"235",109473,"phytoplankton",NA,NA,NA,NA
"236",109474,"phytoplankton",NA,NA,NA,NA
"237",109476,"phytoplankton",NA,NA,NA,NA
"238",109478,"phytoplankton",NA,NA,NA,NA
"239",109519,"phytoplankton",NA,NA,NA,NA
"240",109545,"phytoplankton",NA,NA,NA,NA
"241",109549,"phytoplankton",NA,NA,NA,NA
"242",109553,"phytoplankton",NA,NA,NA,NA
"243",109556,"nanoplankton",NA,NA,NA,NA
"244",109566,"phytoplankton",NA,NA,NA,NA
"245",109604,"microplankton",NA,NA,"mixoplankton",NA
"246",109711,"microplankton",NA,NA,"mixoplankton",NA
"247",109712,"microplankton",NA,NA,"mixoplankton",NA
"248",109720,"phytoplankton",NA,NA,NA,NA
"249",109896,"phytoplankton",NA,NA,NA,NA
"250",109899,"microplankton",NA,NA,NA,NA
"251",109902,"microplankton",NA,NA,NA,NA
"252",110041,"nanoplankton",NA,NA,NA,NA
"253",110152,"microplankton",NA,NA,"mixoplankton",NA
"254",110208,"microplankton",NA,NA,"phytoplankton",NA
"255",110217,"microplankton",NA,NA,"phytoplankton",NA
"256",110220,"microplankton",NA,NA,NA,NA
"257",110245,"nanoplankton",NA,NA,NA,NA
"258",110260,"microplankton",NA,NA,NA,NA
"259",110277,"microplankton",NA,NA,NA,NA
"260",110301,"microplankton",NA,NA,"mixoplankton",NA
"261",110316,"microplankton",NA,NA,NA,NA
"262",110375,"macrobenthos","zooplankton",NA,NA,NA
"263",110701,"zooplankton","zooplankton",NA,NA,NA
"264",110722,"macrobenthos","zooplankton",NA,NA,NA
"265",110723,"macrobenthos","zooplankton",NA,NA,NA
"266",110724,"macrobenthos","zooplankton",NA,NA,NA
"267",110731,"macrobenthos","zooplankton",NA,NA,NA
"268",110851,"macrobenthos","zooplankton",NA,NA,NA
"269",110875,"macrobenthos","zooplankton",NA,NA,NA
"270",111022,"macrobenthos","zooplankton",NA,NA,NA
"271",111044,"macrobenthos","zooplankton",NA,NA,NA
"272",111062,"macrobenthos","zooplankton",NA,NA,NA
"273",111147,"macrobenthos","zooplankton",NA,NA,NA
"274",111197,"macrobenthos","zooplankton",NA,NA,NA
"275",111250,"macrobenthos","zooplankton",NA,NA,NA
"276",111343,"macrobenthos","zooplankton",NA,NA,NA
"277",111351,"macrobenthos","zooplankton",NA,NA,NA
"278",111367,"macrobenthos","zooplankton",NA,NA,NA
"279",111395,"macrobenthos","zooplankton",NA,NA,NA
"280",111397,"macrobenthos","zooplankton",NA,NA,NA
"281",111411,"macrobenthos","zooplankton",NA,NA,NA
"282",111421,"macrobenthos","zooplankton",NA,NA,NA
"283",111484,"macrobenthos","zooplankton",NA,NA,NA
"284",111498,"macrobenthos","zooplankton",NA,NA,NA
"285",111521,"macrobenthos","zooplankton",NA,NA,NA
"286",111540,"macrobenthos","zooplankton",NA,NA,NA
"287",111621,"macrobenthos","zooplankton",NA,NA,NA
"288",111659,"macrobenthos","zooplankton",NA,NA,NA
"289",111669,"macrobenthos","zooplankton",NA,NA,NA
"290",111690,"macrobenthos","zooplankton",NA,NA,NA
"291",111695,"macrobenthos","zooplankton",NA,NA,NA
"292",111696,"macrobenthos","zooplankton",NA,NA,NA
"293",111704,"macrobenthos","zooplankton",NA,NA,NA
"294",111708,"macrobenthos","zooplankton",NA,NA,NA
"295",111719,"macrobenthos","zooplankton",NA,NA,NA
"296",111760,"macrobenthos","zooplankton",NA,NA,NA
"297",111761,"macrobenthos","zooplankton",NA,NA,NA
"298",111849,"benthos",NA,NA,NA,NA
"299",111868,"benthos",NA,NA,NA,NA
"300",112288,"meiobenthos",NA,NA,NA,NA
"301",114416,"meiobenthos",NA,NA,NA,NA
"302",114427,"meiobenthos",NA,NA,NA,NA
"303",114471,"meiobenthos",NA,NA,NA,NA
"304",114472,"meiobenthos",NA,NA,NA,NA
"305",114520,"meiobenthos",NA,NA,NA,NA
"306",114550,"meiobenthos",NA,NA,NA,NA
"307",115006,"meiobenthos",NA,NA,NA,NA
"308",115058,"algae",NA,NA,NA,NA
"309",115061,"phytoplankton",NA,NA,NA,NA
"310",115073,"phytoplankton",NA,NA,NA,NA
"311",115088,"phytoplankton",NA,NA,NA,NA
"312",115090,"phytoplankton",NA,NA,NA,NA
"313",115106,"phytoplankton",NA,NA,NA,NA
"314",115140,"meiobenthos",NA,NA,NA,NA
"315",115331,"meiobenthos",NA,NA,NA,NA
"316",115349,"meiobenthos",NA,NA,NA,NA
"317",115425,"meiobenthos",NA,NA,NA,NA
"318",115525,"meiobenthos",NA,NA,NA,NA
"319",115541,"meiobenthos",NA,NA,NA,NA
"320",115694,"meiobenthos",NA,NA,NA,NA
"321",115723,"meiobenthos",NA,NA,NA,NA
"322",115787,"meiobenthos",NA,NA,NA,NA
"323",115906,"meiobenthos",NA,NA,NA,NA
"324",115950,"meiobenthos",NA,NA,NA,NA
"325",115960,"meiobenthos",NA,NA,NA,NA
"326",116162,"zooplankton",NA,NA,NA,NA
"327",116168,"meiobenthos",NA,NA,NA,NA
"328",116183,"meiobenthos",NA,NA,NA,NA
"329",116187,"meiobenthos",NA,NA,NA,NA
"330",116481,"meiobenthos",NA,NA,NA,NA
"331",116619,"meiobenthos",NA,NA,NA,NA
"332",116999,NA,NA,"macrobenthos",NA,NA
"333",117103,NA,NA,"macrobenthos",NA,NA
"334",117142,NA,"zooplankton","benthos",NA,NA
"335",117195,NA,NA,"macrobenthos",NA,NA
"336",117196,NA,NA,"macrobenthos",NA,NA
"337",117233,NA,NA,"macrobenthos",NA,NA
"338",117273,NA,"zooplankton","benthos",NA,NA
"339",117283,NA,NA,"macrobenthos",NA,NA
"340",117328,NA,"zooplankton","benthos",NA,NA
"341",117345,NA,"zooplankton","benthos",NA,NA
"342",117367,NA,"zooplankton","benthos",NA,NA
"343",117368,NA,"zooplankton","benthos",NA,NA
"344",117373,NA,"zooplankton","benthos",NA,NA
"345",117377,NA,"zooplankton","benthos",NA,NA
"346",117382,NA,"zooplankton","benthos",NA,NA
"347",117386,NA,"zooplankton","benthos",NA,NA
"348",117388,NA,"zooplankton","benthos",NA,NA
"349",117393,NA,NA,"zooplankton",NA,NA
"350",117402,NA,"zooplankton","benthos",NA,NA
"351",117417,NA,"zooplankton","benthos",NA,NA
"352",117426,NA,"zooplankton","benthos",NA,NA
"353",117440,NA,"zooplankton","benthos",NA,NA
"354",117452,NA,"zooplankton","benthos",NA,NA
"355",117471,NA,"zooplankton","benthos",NA,NA
"356",117483,NA,"zooplankton","benthos",NA,NA
"357",117491,NA,"zooplankton","benthos",NA,NA
"358",117517,NA,NA,"zooplankton",NA,NA
"359",117564,NA,"zooplankton","benthos",NA,NA
"360",117591,NA,NA,"macrobenthos",NA,NA
"361",117602,NA,NA,"macrobenthos",NA,NA
"362",117610,NA,"zooplankton","benthos",NA,NA
"363",117628,NA,NA,"macrobenthos",NA,NA
"364",117632,NA,NA,"macrobenthos",NA,NA
"365",117644,NA,"zooplankton","benthos",NA,NA
"366",117673,NA,NA,"zooplankton",NA,NA
"367",117674,NA,NA,"macrobenthos",NA,NA
"368",117725,NA,NA,"zooplankton",NA,NA
"369",117743,NA,"zooplankton","benthos",NA,NA
"370",117754,NA,"zooplankton","benthos",NA,NA
"371",117768,NA,"zooplankton","zooplankton",NA,NA
"372",117778,NA,"zooplankton","benthos",NA,NA
"373",117790,NA,"zooplankton","benthos",NA,NA
"374",117791,NA,"zooplankton","benthos",NA,NA
"375",117809,NA,NA,"macrobenthos",NA,NA
"376",117815,NA,NA,"macrobenthos",NA,NA
"377",117824,NA,NA,"macrobenthos",NA,NA
"378",117865,NA,NA,"zooplankton",NA,NA
"379",117888,NA,NA,"macrobenthos",NA,NA
"380",117982,NA,"zooplankton","benthos",NA,NA
"381",117994,NA,"zooplankton","benthos",NA,NA
"382",117999,NA,"zooplankton","benthos",NA,NA
"383",118011,"zooplankton",NA,NA,NA,NA
"384",118014,"phytoplankton",NA,NA,NA,NA
"385",118022,NA,NA,NA,NA,NA
"386",118028,NA,NA,NA,NA,NA
"387",118033,NA,NA,NA,NA,NA
"388",118040,NA,NA,NA,NA,NA
"389",118045,"mixoplankton",NA,NA,NA,NA
"390",118061,NA,NA,NA,NA,NA
"391",118068,NA,NA,NA,NA,NA
"392",118074,"zooplankton",NA,NA,NA,NA
"393",118075,"zooplankton",NA,NA,NA,NA
"394",118096,NA,NA,NA,NA,NA
"395",118113,NA,NA,NA,NA,NA
"396",118139,NA,NA,NA,NA,NA
"397",118152,NA,"benthos",NA,NA,NA
"398",118196,"macrobenthos",NA,NA,NA,NA
"399",118732,"macrobenthos",NA,NA,NA,NA
"400",119042,"macrobenthos",NA,NA,NA,NA
"401",119043,"macrobenthos",NA,NA,NA,NA
"402",119077,"zooplankton",NA,NA,NA,NA
"403",119090,NA,NA,NA,NA,NA
"404",119095,NA,NA,NA,NA,NA
"405",119096,NA,NA,NA,NA,NA
"406",119116,NA,NA,NA,NA,NA
"407",119121,NA,NA,NA,NA,NA
"408",119123,NA,NA,NA,NA,NA
"409",119178,NA,NA,NA,NA,NA
"410",119687,NA,NA,NA,NA,NA
"411",119773,NA,NA,NA,NA,NA
"412",119870,"macrobenthos",NA,NA,NA,NA
"413",120177,"macrobenthos",NA,NA,NA,NA
"414",120206,"macrobenthos",NA,NA,NA,NA
"415",120208,"macrobenthos",NA,NA,NA,NA
"416",120544,NA,NA,NA,NA,NA
"417",120548,NA,NA,NA,NA,NA
"418",120566,NA,NA,NA,NA,NA
"419",120567,NA,NA,NA,NA,NA
"420",120594,NA,NA,NA,NA,NA
"421",120600,NA,NA,NA,NA,NA
"422",120614,NA,NA,NA,NA,NA
"423",120633,NA,NA,NA,NA,NA
"424",120675,"meiobenthos",NA,NA,NA,NA
"425",120877,"meiobenthos",NA,NA,NA,NA
"426",120964,"meiobenthos",NA,NA,NA,NA
"427",121490,"meiobenthos",NA,NA,NA,NA
"428",121540,"meiobenthos",NA,NA,NA,NA
"429",121601,"meiobenthos",NA,NA,NA,NA
"430",122303,"benthos",NA,NA,NA,NA
"431",122305,"benthos","zooplankton",NA,NA,NA
"432",122307,"benthos",NA,NA,NA,NA
"433",122314,"benthos","zooplankton",NA,NA,NA
"434",122358,"benthos","zooplankton",NA,NA,NA
"435",122419,"benthos",NA,NA,NA,NA
"436",122536,"benthos","zooplankton",NA,NA,NA
"437",122543,"benthos","zooplankton",NA,NA,NA
"438",122573,"benthos","zooplankton",NA,NA,NA
"439",122599,"benthos",NA,NA,NA,NA
"440",122607,"benthos","plankton",NA,NA,NA
"441",122611,"benthos",NA,NA,NA,NA
"442",122666,"benthos",NA,NA,NA,NA
"443",122710,"benthos",NA,NA,NA,NA
"444",122764,"benthos",NA,NA,NA,NA
"445",122773,"benthos",NA,NA,NA,NA
"446",122791,"benthos",NA,NA,NA,NA
"447",122806,"benthos",NA,NA,NA,NA
"448",122817,"benthos",NA,NA,NA,NA
"449",123080,"benthos",NA,NA,NA,NA
"450",123081,"epibenthos",NA,NA,NA,NA
"451",123084,"macrobenthos",NA,NA,NA,NA
"452",123121,"benthos",NA,NA,NA,NA
"453",123160,"epibenthos",NA,NA,NA,NA
"454",123545,"macrobenthos",NA,NA,NA,NA
"455",123776,"benthos",NA,NA,NA,NA
"456",123803,"benthos",NA,NA,NA,NA
"457",123867,"benthos",NA,NA,NA,NA
"458",123974,"benthos",NA,NA,NA,NA
"459",123987,"benthos",NA,NA,NA,NA
"460",123990,"benthos",NA,NA,NA,NA
"461",124273,"macrobenthos","zooplankton",NA,NA,NA
"462",124319,"epibenthos",NA,NA,NA,NA
"463",124392,"endobenthos",NA,NA,NA,NA
"464",124418,"endobenthos",NA,NA,NA,NA
"465",125027,"macrobenthos",NA,NA,NA,NA
"466",125064,"macrobenthos",NA,NA,NA,NA
"467",125080,"macrobenthos",NA,NA,NA,NA
"468",125110,"macrobenthos",NA,NA,NA,NA
"469",125131,"macrobenthos",NA,NA,NA,NA
"470",125284,"megabenthos",NA,NA,NA,NA
"471",125422,"megabenthos",NA,NA,NA,NA
"472",125516,"fish",NA,NA,NA,NA
"473",125546,"fish",NA,NA,NA,NA
"474",125775,"fish",NA,NA,NA,NA
"475",126023,"fish",NA,NA,NA,NA
"476",126141,"fish",NA,NA,NA,NA
"477",126152,"fish",NA,NA,NA,NA
"478",126417,"fish",NA,NA,NA,NA
"479",126421,"fish",NA,NA,NA,NA
"480",126425,"fish",NA,NA,NA,NA
"481",126436,"fish",NA,NA,NA,NA
"482",126438,"fish",NA,NA,NA,NA
"483",126440,"fish",NA,NA,NA,NA
"484",126441,"fish",NA,NA,NA,NA
"485",126444,"fish",NA,NA,NA,NA
"486",126445,"fish",NA,NA,NA,NA
"487",126446,"fish",NA,NA,NA,NA
"488",126448,"fish",NA,NA,NA,NA
"489",126461,"fish",NA,NA,NA,NA
"490",126505,"fish",NA,NA,NA,NA
"491",126508,"fish",NA,NA,NA,NA
"492",126510,"fish",NA,NA,NA,NA
"493",126519,"fish",NA,NA,NA,NA
"494",126751,"fish",NA,NA,NA,NA
"495",126752,"fish",NA,NA,NA,NA
"496",126754,"fish",NA,NA,NA,NA
"497",126755,"fish",NA,NA,NA,NA
"498",126756,"fish",NA,NA,NA,NA
"499",126762,"fish",NA,NA,NA,NA
"500",126768,"fish",NA,NA,NA,NA
"501",126770,"fish",NA,NA,NA,NA
"502",126872,"fish",NA,NA,NA,NA
"503",126878,"fish",NA,NA,NA,NA
"504",126893,"fish",NA,NA,NA,NA
"505",126928,"fish",NA,NA,NA,NA
"506",126930,"fish",NA,NA,NA,NA
"507",126961,"fish",NA,NA,NA,NA
"508",126964,"fish",NA,NA,NA,NA
"509",126965,"fish",NA,NA,NA,NA
"510",126975,"fish",NA,NA,NA,NA
"511",127023,"fish",NA,NA,NA,NA
"512",127090,"fish",NA,NA,NA,NA
"513",127123,"fish",NA,NA,NA,NA
"514",127139,"fish",NA,NA,NA,NA
"515",127140,"fish",NA,NA,NA,NA
"516",127204,"fish",NA,NA,NA,NA
"517",127214,"fish",NA,NA,NA,NA
"518",127220,"fish",NA,NA,NA,NA
"519",127259,"fish",NA,NA,NA,NA
"520",127379,"fish",NA,NA,NA,NA
"521",127383,"fish",NA,NA,NA,NA
"522",127477,"benthos",NA,NA,NA,NA
"523",127498,"benthos",NA,NA,NA,NA
"524",127969,"benthos",NA,NA,NA,NA
"525",128195,"benthos",NA,NA,NA,NA
"526",128545,"benthos","zooplankton",NA,NA,NA
"527",128548,"macrobenthos",NA,NA,NA,NA
"528",128549,"macrobenthos",NA,NA,NA,NA
"529",128550,"macrobenthos",NA,NA,NA,NA
"530",128555,"macrobenthos",NA,NA,NA,NA
"531",128592,NA,NA,NA,NA,NA
"532",128690,"mesoplankton",NA,NA,NA,NA
"533",128805,"mesoplankton",NA,NA,NA,NA
"534",129184,"benthos","zooplankton",NA,NA,NA
"535",129211,"benthos","zooplankton",NA,NA,NA
"536",129229,"benthos","zooplankton",NA,NA,NA
"537",129243,"benthos","zooplankton",NA,NA,NA
"538",129296,"benthos","zooplankton",NA,NA,NA
"539",129370,"benthos","zooplankton",NA,NA,NA
"540",129379,"benthos","zooplankton",NA,NA,NA
"541",129381,"benthos","zooplankton",NA,NA,NA
"542",129578,"benthos","zooplankton",NA,NA,NA
"543",129594,"benthos","zooplankton",NA,NA,NA
"544",129625,"benthos","zooplankton",NA,NA,NA
"545",129659,"benthos","zooplankton",NA,NA,NA
"546",129671,"benthos","zooplankton",NA,NA,NA
"547",129677,"benthos","zooplankton",NA,NA,NA
"548",129693,"benthos","zooplankton",NA,NA,NA
"549",129701,"benthos","zooplankton",NA,NA,NA
"550",129868,"benthos","zooplankton",NA,NA,NA
"551",129870,"benthos","zooplankton",NA,NA,NA
"552",129881,"megabenthos",NA,NA,NA,NA
"553",129884,"macrobenthos",NA,NA,NA,NA
"554",129914,"benthos","zooplankton",NA,NA,NA
"555",129959,"benthos","zooplankton",NA,NA,NA
"556",129964,"benthos","zooplankton",NA,NA,NA
"557",129965,"benthos","zooplankton",NA,NA,NA
"558",129967,"benthos","zooplankton",NA,NA,NA
"559",129989,"benthos","zooplankton",NA,NA,NA
"560",130001,"benthos","zooplankton",NA,NA,NA
"561",130002,"benthos","zooplankton",NA,NA,NA
"562",130031,"benthos","zooplankton",NA,NA,NA
"563",130071,"macrobenthos",NA,NA,NA,NA
"564",130075,"macrobenthos",NA,NA,NA,NA
"565",130116,"benthos","zooplankton",NA,NA,NA
"566",130130,"benthos","zooplankton",NA,NA,NA
"567",130176,"benthos","zooplankton",NA,NA,NA
"568",130185,"benthos","zooplankton",NA,NA,NA
"569",130269,"benthos","zooplankton",NA,NA,NA
"570",130271,"benthos","zooplankton",NA,NA,NA
"571",130314,"benthos","zooplankton",NA,NA,NA
"572",130357,"benthos","zooplankton",NA,NA,NA
"573",130359,"benthos","zooplankton",NA,NA,NA
"574",130417,"macrobenthos",NA,NA,NA,NA
"575",130437,"benthos","zooplankton",NA,NA,NA
"576",130522,"macrobenthos",NA,NA,NA,NA
"577",130544,"benthos","zooplankton",NA,NA,NA
"578",130597,"benthos","zooplankton",NA,NA,NA
"579",130599,"benthos","zooplankton",NA,NA,NA
"580",130601,"benthos","zooplankton",NA,NA,NA
"581",130632,"macrobenthos",NA,NA,NA,NA
"582",130639,"macrobenthos",NA,NA,NA,NA
"583",130640,"benthos","zooplankton",NA,NA,NA
"584",130670,"megabenthos",NA,NA,NA,NA
"585",130673,"macrobenthos",NA,NA,NA,NA
"586",130711,"benthos","zooplankton",NA,NA,NA
"587",130714,"benthos","zooplankton",NA,NA,NA
"588",130769,"macrobenthos",NA,NA,NA,NA
"589",130770,"macrobenthos",NA,NA,NA,NA
"590",130800,"macrobenthos",NA,NA,NA,NA
"591",130801,"macrobenthos",NA,NA,NA,NA
"592",130830,"macrobenthos",NA,NA,NA,NA
"593",130843,"benthos","zooplankton",NA,NA,NA
"594",130866,"benthos","zooplankton",NA,NA,NA
"595",130867,"benthos","zooplankton",NA,NA,NA
"596",130926,"benthos","zooplankton",NA,NA,NA
"597",130989,"benthos","zooplankton",NA,NA,NA
"598",131074,"benthos","zooplankton",NA,NA,NA
"599",131106,"macrobenthos",NA,NA,NA,NA
"600",131111,"macrobenthos",NA,NA,NA,NA
"601",131128,"macrobenthos",NA,NA,NA,NA
"602",131131,"macrobenthos",NA,NA,NA,NA
"603",131141,"macrobenthos",NA,NA,NA,NA
"604",131143,"macrobenthos",NA,NA,NA,NA
"605",131146,"macrobenthos",NA,NA,NA,NA
"606",131198,"benthos","zooplankton",NA,NA,NA
"607",131206,"benthos","zooplankton",NA,NA,NA
"608",131290,"macrobenthos",NA,NA,NA,NA
"609",131435,"macrobenthos",NA,NA,NA,NA
"610",131467,"macrobenthos",NA,NA,NA,NA
"611",131480,"macrobenthos",NA,NA,NA,NA
"612",131495,"megabenthos",NA,NA,NA,NA
"613",131508,"macrobenthos",NA,NA,NA,NA
"614",131542,"benthos","zooplankton",NA,NA,NA
"615",131574,"macrobenthos",NA,NA,NA,NA
"616",131595,"macrobenthos",NA,NA,NA,NA
"617",131599,"macrobenthos",NA,NA,NA,NA
"618",131641,"macrobenthos",NA,NA,NA,NA
"619",131670,"macrobenthos",NA,NA,NA,NA
"620",131715,"macrobenthos",NA,NA,NA,NA
"621",131729,"macrobenthos",NA,NA,NA,NA
"622",131807,"macrobenthos",NA,NA,NA,NA
"623",131808,"macrobenthos",NA,NA,NA,NA
"624",131849,"macrobenthos",NA,NA,NA,NA
"625",131852,"macrobenthos",NA,NA,NA,NA
"626",131979,"macrobenthos",NA,NA,NA,NA
"627",132026,"macrobenthos",NA,NA,NA,NA
"628",132655,"macrobenthos",NA,NA,NA,NA
"629",132663,"megabenthos",NA,NA,NA,NA
"630",133139,"macrobenthos",NA,NA,NA,NA
"631",133676,"macrobenthos",NA,NA,NA,NA
"632",133701,"macrobenthos",NA,NA,NA,NA
"633",133928,"macrobenthos",NA,NA,NA,NA
"634",134285,"megabenthos",NA,NA,NA,NA
"635",134526,"phytoplankton",NA,NA,NA,NA
"636",134529,"phytoplankton",NA,NA,NA,NA
"637",134531,"algae",NA,NA,NA,NA
"638",134541,"mixoplankton",NA,NA,NA,NA
"639",134545,"mixoplankton",NA,NA,NA,NA
"640",134562,"algae",NA,NA,NA,NA
"641",134563,"mixoplankton",NA,NA,NA,NA
"642",134564,"mixoplankton",NA,NA,NA,NA
"643",134588,"macrobenthos",NA,NA,NA,NA
"644",134674,"macrobenthos",NA,NA,NA,NA
"645",134723,"meiobenthos",NA,NA,NA,NA
"646",134786,"macrobenthos",NA,NA,NA,NA
"647",134974,"benthos","zooplankton",NA,NA,NA
"648",134996,NA,NA,NA,NA,NA
"649",135036,"microbenthos",NA,NA,NA,NA
"650",135044,"zooplankton",NA,NA,NA,NA
"651",135066,"zooplankton",NA,NA,NA,NA
"652",135220,"zooplankton",NA,"zooplankton",NA,NA
"653",135225,"zooplankton",NA,"zooplankton",NA,NA
"654",135259,"zooplankton",NA,"zooplankton",NA,NA
"655",135263,"zooplankton",NA,"zooplankton",NA,NA
"656",135301,"zooplankton",NA,"zooplankton",NA,NA
"657",135304,"zooplankton",NA,"zooplankton",NA,NA
"658",135306,"zooplankton",NA,"zooplankton",NA,NA
"659",135312,"macrobenthos",NA,NA,NA,NA
"660",135322,"macrobenthos",NA,NA,NA,NA
"661",135323,"macrobenthos",NA,NA,NA,NA
"662",135441,NA,NA,NA,NA,"zooplankton"
"663",135479,NA,NA,"pleuston",NA,NA
"664",135496,NA,NA,"zooplankton",NA,NA
"665",135906,NA,NA,NA,NA,NA
"666",136141,NA,NA,NA,NA,NA
"667",136146,NA,NA,NA,NA,NA
"668",136679,"benthos",NA,NA,NA,NA
"669",136743,"zooplankton",NA,NA,NA,NA
"670",136779,"phytoplankton",NA,NA,NA,NA
"671",137043,NA,NA,NA,NA,NA
"672",137051,NA,NA,NA,NA,NA
"673",137080,"nekton",NA,NA,NA,NA
"674",137128,NA,NA,NA,NA,NA
"675",137133,NA,NA,NA,NA,NA
"676",137141,NA,NA,NA,NA,NA
"677",137156,NA,NA,NA,NA,NA
"678",137203,NA,NA,NA,NA,NA
"679",137247,"zooplankton",NA,NA,NA,NA
"680",137288,"algae",NA,NA,NA,NA
"681",137344,"benthos",NA,NA,NA,NA
"682",137347,"benthos",NA,NA,NA,NA
"683",137351,"benthos",NA,NA,NA,NA
"684",137382,"benthos",NA,NA,NA,NA
"685",137427,"benthos",NA,NA,NA,NA
"686",137436,"benthos",NA,NA,NA,NA
"687",137438,"macrobenthos",NA,NA,NA,NA
"688",137454,"benthos",NA,NA,NA,NA
"689",137472,"benthos",NA,NA,NA,NA
"690",137477,"meiobenthos",NA,NA,NA,NA
"691",137480,"meiobenthos",NA,NA,"meiobenthos",NA
"692",137481,"macrobenthos",NA,NA,NA,NA
"693",137485,"macrobenthos",NA,NA,NA,NA
"694",137502,"benthos",NA,NA,NA,NA
"695",137547,"macrobenthos",NA,NA,NA,NA
"696",137556,"macrobenthos",NA,NA,NA,NA
"697",137571,"macrobenthos",NA,NA,NA,NA
"698",137572,"benthos",NA,NA,NA,NA
"699",137607,"benthos",NA,NA,NA,NA
"700",137630,"benthos",NA,NA,NA,NA
"701",137906,"benthos",NA,NA,NA,NA
"702",138050,"benthos",NA,NA,NA,NA
"703",138135,"benthos",NA,NA,NA,NA
"704",138225,"benthos",NA,NA,NA,NA
"705",138228,"benthos",NA,NA,NA,NA
"706",138312,"benthos",NA,NA,NA,NA
"707",138369,"benthos",NA,NA,NA,NA
"708",138441,"benthos",NA,NA,NA,NA
"709",138515,"benthos",NA,NA,NA,NA
"710",138675,"benthos","benthos",NA,NA,NA
"711",138998,"benthos",NA,NA,NA,NA
"712",139004,"benthos",NA,NA,NA,NA
"713",139008,"benthos",NA,NA,NA,NA
"714",139012,"benthos",NA,NA,NA,NA
"715",139085,"benthos",NA,NA,NA,NA
"716",139604,"benthos",NA,NA,NA,NA
"717",139631,"benthos",NA,NA,NA,NA
"718",139644,"benthos",NA,NA,NA,NA
"719",139686,"benthos",NA,NA,NA,NA
"720",139896,NA,NA,NA,NA,NA
"721",139908,"benthos",NA,NA,NA,NA
"722",139940,"benthos",NA,NA,NA,NA
"723",139951,"benthos",NA,NA,NA,NA
"724",140029,"benthos",NA,NA,NA,NA
"725",140081,"benthos",NA,NA,NA,NA
"726",140103,"benthos",NA,NA,NA,NA
"727",140132,"benthos","benthos",NA,NA,NA
"728",140166,"benthos",NA,NA,NA,NA
"729",140168,"benthos",NA,NA,NA,NA
"730",140170,"benthos",NA,NA,NA,NA
"731",140176,"benthos",NA,NA,NA,NA
"732",140229,"benthos",NA,NA,NA,NA
"733",140231,"benthos",NA,NA,NA,NA
"734",140261,"benthos",NA,NA,NA,NA
"735",140262,"benthos",NA,NA,NA,NA
"736",140263,"benthos",NA,NA,NA,NA
"737",140264,"benthos",NA,NA,NA,NA
"738",140266,"benthos",NA,NA,NA,NA
"739",140302,"benthos",NA,NA,NA,NA
"740",140403,"benthos",NA,NA,NA,NA
"741",140464,"benthos",NA,NA,NA,NA
"742",140467,"benthos",NA,NA,NA,NA
"743",140480,"benthos",NA,NA,NA,NA
"744",140482,"benthos",NA,NA,NA,NA
"745",140589,"benthos",NA,NA,NA,NA
"746",140658,"benthos",NA,NA,NA,NA
"747",140675,"benthos",NA,NA,NA,NA
"748",140684,"benthos",NA,NA,NA,NA
"749",140685,"benthos",NA,NA,NA,NA
"750",140735,"benthos",NA,NA,NA,NA
"751",140736,"benthos",NA,NA,NA,NA
"752",140767,"benthos",NA,NA,NA,NA
"753",140812,"benthos",NA,NA,NA,NA
"754",140830,"benthos",NA,NA,NA,NA
"755",140838,"benthos",NA,NA,NA,NA
"756",141320,"benthos",NA,NA,NA,NA
"757",141334,"benthos",NA,NA,NA,NA
"758",141405,"benthos",NA,NA,NA,NA
"759",141411,"benthos",NA,NA,NA,NA
"760",141435,"benthos",NA,NA,NA,NA
"761",141564,"benthos",NA,NA,NA,NA
"762",141565,"benthos",NA,NA,NA,NA
"763",141638,"benthos",NA,NA,NA,NA
"764",141641,"benthos",NA,NA,NA,NA
"765",141700,"benthos",NA,NA,NA,NA
"766",141744,"benthos",NA,NA,NA,NA
"767",141767,"benthos",NA,NA,NA,NA
"768",141790,"benthos",NA,NA,NA,NA
"769",141821,"benthos",NA,NA,NA,NA
"770",141875,"benthos",NA,NA,NA,NA
"771",141908,"benthos",NA,NA,NA,NA
"772",142025,"benthos",NA,NA,NA,NA
"773",142038,"macrobenthos",NA,NA,NA,NA
"774",142090,"benthos",NA,NA,NA,NA
"775",142102,"benthos",NA,NA,NA,NA
"776",142142,"macrobenthos",NA,NA,NA,NA
"777",142184,"macrobenthos",NA,NA,NA,NA
"778",142251,"benthos",NA,NA,NA,NA
"779",142318,"benthos",NA,NA,NA,NA
"780",142412,"benthos",NA,NA,NA,NA
"781",142687,"macrobenthos",NA,NA,NA,NA
"782",142698,"macrobenthos",NA,NA,NA,NA
"783",142770,"turbellaria",NA,NA,NA,NA
"784",142793,"turbellaria",NA,NA,NA,NA
"785",142797,"turbellaria",NA,NA,NA,NA
"786",142799,"turbellaria",NA,NA,NA,NA
"787",142892,"benthos",NA,NA,NA,NA
"788",142967,"benthos",NA,NA,NA,NA
"789",143000,"benthos",NA,NA,NA,NA
"790",143002,"benthos",NA,NA,NA,NA
"791",143014,"benthos",NA,NA,NA,NA
"792",143025,"benthos",NA,NA,NA,NA
"793",143197,"benthos",NA,NA,NA,NA
"794",143233,"benthos",NA,NA,NA,NA
"795",143306,"benthos",NA,NA,NA,NA
"796",143320,"benthos",NA,NA,NA,NA
"797",143383,"benthos",NA,NA,NA,NA
"798",143384,"benthos",NA,NA,NA,NA
"799",143424,"benthos",NA,NA,NA,NA
"800",143443,"benthos",NA,NA,NA,NA
"801",143449,"benthos",NA,NA,NA,NA
"802",143455,"benthos",NA,NA,NA,NA
"803",143509,"turbellaria",NA,NA,NA,NA
"804",143526,"turbellaria",NA,NA,NA,NA
"805",143550,"turbellaria",NA,NA,NA,NA
"806",143552,"turbellaria",NA,NA,NA,NA
"807",143644,"turbellaria",NA,NA,NA,NA
"808",143647,"turbellaria",NA,NA,NA,NA
"809",143664,"algae",NA,NA,NA,NA
"810",143671,"algae",NA,NA,NA,NA
"811",143672,"algae",NA,NA,NA,NA
"812",143673,"algae",NA,NA,NA,NA
"813",143697,"algae",NA,NA,NA,NA
"814",143716,"algae",NA,NA,NA,NA
"815",143725,"algae",NA,NA,NA,NA
"816",143730,"algae",NA,NA,NA,NA
"817",143748,"algae",NA,NA,NA,NA
"818",143771,"algae",NA,NA,NA,NA
"819",143777,"algae",NA,NA,NA,NA
"820",143808,"macroalgae",NA,NA,NA,NA
"821",143834,"macroalgae",NA,NA,NA,NA
"822",143853,"macroalgae",NA,NA,NA,NA
"823",143883,"macroalgae",NA,NA,NA,NA
"824",143921,"macroalgae",NA,NA,NA,NA
"825",143973,"macroalgae",NA,NA,NA,NA
"826",143978,"macroalgae",NA,NA,NA,NA
"827",144007,"macroalgae",NA,NA,NA,NA
"828",144012,"macroalgae",NA,NA,NA,NA
"829",144020,"macroalgae",NA,NA,NA,NA
"830",144022,"macroalgae",NA,NA,NA,NA
"831",144025,"macroalgae",NA,NA,NA,NA
"832",144048,"macroalgae",NA,NA,NA,NA
"833",144078,"macroalgae",NA,NA,NA,NA
"834",144129,"macroalgae",NA,NA,NA,NA
"835",144146,"macroalgae",NA,NA,NA,NA
"836",144194,"macroalgae",NA,NA,NA,NA
"837",144199,"macroalgae",NA,NA,NA,NA
"838",144228,"algae",NA,NA,NA,NA
"839",144237,"macroalgae",NA,NA,NA,NA
"840",144259,"macroalgae",NA,NA,NA,NA
"841",144296,"macroalgae",NA,NA,NA,NA
"842",144356,"macroalgae",NA,NA,NA,NA
"843",144372,"macroalgae",NA,NA,NA,NA
"844",144377,"macroalgae",NA,NA,NA,NA
"845",144387,"macroalgae",NA,NA,NA,NA
"846",144422,"macroalgae",NA,NA,NA,NA
"847",144426,"macroalgae",NA,NA,NA,NA
"848",144434,"macroalgae",NA,NA,NA,NA
"849",144438,"macroalgae",NA,NA,NA,NA
"850",144440,"macroalgae",NA,NA,NA,NA
"851",144441,"macroalgae",NA,NA,NA,NA
"852",144442,"macroalgae",NA,NA,NA,NA
"853",144529,"macroalgae",NA,NA,NA,NA
"854",144530,"macroalgae",NA,NA,NA,NA
"855",144537,"macroalgae",NA,NA,NA,NA
"856",144547,"macroalgae",NA,NA,NA,NA
"857",144555,"macroalgae",NA,NA,NA,NA
"858",144562,"macroalgae",NA,NA,NA,NA
"859",144563,"macroalgae",NA,NA,NA,NA
"860",144575,"macroalgae",NA,NA,NA,NA
"861",144582,"macroalgae",NA,NA,NA,NA
"862",144595,"macroalgae",NA,NA,NA,NA
"863",144603,"macroalgae",NA,NA,NA,NA
"864",144608,"macroalgae",NA,NA,NA,NA
"865",144672,"macroalgae",NA,NA,NA,NA
"866",144682,"macroalgae",NA,NA,NA,NA
"867",144683,"macroalgae",NA,NA,NA,NA
"868",144685,"macroalgae",NA,NA,NA,NA
"869",144686,"macroalgae",NA,NA,NA,NA
"870",144697,"macroalgae",NA,NA,NA,NA
"871",144702,"macroalgae",NA,NA,NA,NA
"872",144732,"macroalgae",NA,NA,NA,NA
"873",144737,"macroalgae",NA,NA,NA,NA
"874",144743,"macroalgae",NA,NA,NA,NA
"875",144744,"macroalgae",NA,NA,NA,NA
"876",144756,"macroalgae",NA,NA,NA,NA
"877",144758,"macroalgae",NA,NA,NA,NA
"878",144770,"macroalgae",NA,NA,NA,NA
"879",144773,"macroalgae",NA,NA,NA,NA
"880",144847,"macroalgae",NA,NA,NA,NA
"881",144854,"macroalgae",NA,NA,NA,NA
"882",144855,"macroalgae",NA,NA,NA,NA
"883",144908,"macroalgae",NA,NA,NA,NA
"884",144910,"macroalgae",NA,NA,NA,NA
"885",144918,"macroalgae",NA,NA,NA,NA
"886",144924,"macroalgae",NA,NA,NA,NA
"887",144928,"macroalgae",NA,NA,NA,NA
"888",144973,"macroalgae",NA,NA,NA,NA
"889",144985,"macroalgae",NA,NA,NA,NA
"890",145009,"macroalgae",NA,NA,NA,NA
"891",145033,"macroalgae",NA,NA,NA,NA
"892",145108,"macroalgae",NA,NA,NA,NA
"893",145130,"macroalgae",NA,NA,NA,NA
"894",145151,"macroalgae",NA,NA,NA,NA
"895",145152,"macroalgae",NA,NA,NA,NA
"896",145157,"macroalgae",NA,NA,NA,NA
"897",145182,"macroalgae",NA,NA,NA,NA
"898",145188,"macroalgae",NA,NA,NA,NA
"899",145202,"macroalgae",NA,NA,NA,NA
"900",145203,"macroalgae",NA,NA,NA,NA
"901",145222,"macroalgae",NA,NA,NA,NA
"902",145228,"macroalgae",NA,NA,NA,NA
"903",145248,"macroalgae",NA,NA,NA,NA
"904",145274,"macroalgae",NA,NA,NA,NA
"905",145278,"macroalgae",NA,NA,NA,NA
"906",145297,"macroalgae",NA,NA,NA,NA
"907",145321,"macroalgae",NA,NA,NA,NA
"908",145322,"macroalgae",NA,NA,NA,NA
"909",145346,"macroalgae",NA,NA,NA,NA
"910",145347,"macroalgae",NA,NA,NA,NA
"911",145355,"macroalgae",NA,NA,NA,NA
"912",145367,"macroalgae",NA,NA,NA,NA
"913",145393,"macroalgae",NA,NA,NA,NA
"914",145404,"macroalgae",NA,NA,NA,NA
"915",145410,"macroalgae",NA,NA,NA,NA
"916",145433,"macroalgae",NA,NA,NA,NA
"917",145435,"macroalgae",NA,NA,NA,NA
"918",145446,"macroalgae",NA,NA,NA,NA
"919",145455,"macroalgae",NA,NA,NA,NA
"920",145459,"macroalgae",NA,NA,NA,NA
"921",145503,"macroalgae",NA,NA,NA,NA
"922",145540,"macroalgae",NA,NA,NA,NA
"923",145541,"macroalgae",NA,NA,NA,NA
"924",145542,"macroalgae",NA,NA,NA,NA
"925",145546,"macroalgae",NA,NA,NA,NA
"926",145551,"macroalgae",NA,NA,NA,NA
"927",145588,"macroalgae",NA,NA,NA,NA
"928",145590,"macroalgae",NA,NA,NA,NA
"929",145605,"macroalgae",NA,NA,NA,NA
"930",145609,"macroalgae",NA,NA,NA,NA
"931",145610,"macroalgae",NA,NA,NA,NA
"932",145614,"macroalgae",NA,NA,NA,NA
"933",145615,"macroalgae",NA,NA,NA,NA
"934",145621,"macroalgae",NA,NA,NA,NA
"935",145623,"macroalgae",NA,NA,NA,NA
"936",145625,"macroalgae",NA,NA,NA,NA
"937",145650,"macroalgae",NA,NA,NA,NA
"938",145651,"macroalgae",NA,NA,NA,NA
"939",145655,"macroalgae",NA,NA,NA,NA
"940",145656,"macroalgae",NA,NA,NA,NA
"941",145657,"macroalgae",NA,NA,NA,NA
"942",145667,"macroalgae",NA,NA,NA,NA
"943",145668,"macroalgae",NA,NA,NA,NA
"944",145688,"macroalgae",NA,NA,NA,NA
"945",145712,"macroalgae",NA,NA,NA,NA
"946",145722,"macroalgae",NA,NA,NA,NA
"947",145725,"macroalgae",NA,NA,NA,NA
"948",145735,"macroalgae",NA,NA,NA,NA
"949",145765,"macroalgae",NA,NA,NA,NA
"950",145769,"macroalgae",NA,NA,NA,NA
"951",145771,"macroalgae",NA,NA,NA,NA
"952",145777,"macroalgae",NA,NA,NA,NA
"953",145782,"macroalgae",NA,NA,NA,NA
"954",145808,"macroalgae",NA,NA,NA,NA
"955",145810,"macroalgae",NA,NA,NA,NA
"956",145811,"macroalgae",NA,NA,NA,NA
"957",145821,"macroalgae",NA,NA,NA,NA
"958",145825,"macroalgae",NA,NA,NA,NA
"959",145852,"macroalgae",NA,NA,NA,NA
"960",145856,"macroalgae",NA,NA,NA,NA
"961",145863,"macroalgae",NA,NA,NA,NA
"962",145869,"macroalgae",NA,NA,NA,NA
"963",145888,"macroalgae",NA,NA,NA,NA
"964",145892,"macroalgae",NA,NA,NA,NA
"965",146213,"nanoplankton",NA,NA,NA,NA
"966",146230,"algae",NA,NA,NA,NA
"967",146315,"algae",NA,NA,NA,NA
"968",146368,"macroalgae",NA,NA,NA,NA
"969",146409,NA,NA,NA,NA,NA
"970",146960,"macroalgae",NA,NA,NA,NA
"971",147431,NA,NA,NA,NA,NA
"972",147435,NA,NA,NA,NA,NA
"973",147459,"benthos",NA,NA,NA,NA
"974",147485,NA,NA,NA,NA,NA
"975",147577,NA,NA,NA,NA,NA
"976",147581,NA,NA,NA,NA,NA
"977",147588,NA,NA,NA,NA,NA
"978",147623,NA,NA,NA,NA,NA
"979",147642,NA,NA,NA,NA,NA
"980",147701,NA,NA,NA,NA,NA
"981",147704,NA,NA,NA,NA,NA
"982",147714,NA,NA,NA,NA,NA
"983",147715,NA,NA,NA,NA,NA
"984",148342,NA,NA,NA,NA,NA
"985",148592,"macrobenthos",NA,NA,NA,NA
"986",148715,"macrobenthos","zooplankton",NA,NA,NA
"987",148898,NA,NA,NA,NA,NA
"988",148899,"phytoplankton",NA,NA,NA,NA
"989",148902,"phytoplankton",NA,NA,NA,NA
"990",148917,"phytoplankton",NA,NA,NA,NA
"991",148931,"phytoplankton",NA,NA,NA,NA
"992",148951,"phytoplankton",NA,NA,NA,NA
"993",148952,"phytoplankton",NA,NA,NA,NA
"994",148963,"phytoplankton",NA,NA,NA,NA
"995",148967,"phytoplankton",NA,NA,NA,NA
"996",148971,"phytoplankton",NA,NA,NA,NA
"997",149002,"phytoplankton",NA,NA,NA,NA
"998",149003,"phytoplankton",NA,NA,NA,NA
"999",149004,"phytoplankton",NA,NA,NA,NA
"1000",149007,"phytoplankton",NA,NA,NA,NA
"1001",149010,"phytoplankton",NA,NA,NA,NA
"1002",149015,"phytoplankton",NA,NA,NA,NA
"1003",149018,"phytoplankton",NA,NA,NA,NA
"1004",149035,"benthos",NA,NA,NA,NA
"1005",149043,"phytoplankton",NA,NA,NA,NA
"1006",149045,"phytoplankton",NA,NA,NA,NA
"1007",149055,"benthos",NA,NA,NA,NA
"1008",149069,"phytoplankton",NA,NA,NA,NA
"1009",149073,"phytoplankton",NA,NA,NA,NA
"1010",149084,"phytoplankton",NA,NA,NA,NA
"1011",149093,"benthos",NA,NA,"phytoplankton",NA
"1012",149109,"phytoplankton",NA,NA,NA,NA
"1013",149111,"phytoplankton",NA,NA,NA,NA
"1014",149142,"phytoplankton",NA,NA,NA,NA
"1015",149148,"phytoplankton",NA,NA,NA,NA
"1016",149150,"phytoplankton",NA,NA,NA,NA
"1017",149167,"phytoplankton",NA,NA,NA,NA
"1018",149181,"phytoplankton",NA,NA,NA,NA
"1019",149191,"phytoplankton",NA,NA,NA,NA
"1020",149200,"phytoplankton",NA,NA,NA,NA
"1021",149208,"phytoplankton",NA,NA,NA,NA
"1022",149271,"phytoplankton",NA,NA,NA,NA
"1023",149313,"phytoplankton",NA,NA,NA,NA
"1024",149377,"benthos",NA,NA,NA,NA
"1025",149601,"phytoplankton",NA,NA,NA,NA
"1026",149616,"phytoplankton",NA,NA,NA,NA
"1027",149631,"phytoplankton",NA,NA,NA,NA
"1028",149781,"zooplankton",NA,NA,NA,NA
"1029",149854,"macrobenthos","zooplankton",NA,NA,NA
"1030",150637,"fish",NA,NA,NA,NA
"1031",151081,NA,"benthos",NA,NA,NA
"1032",151117,NA,"benthos",NA,NA,NA
"1033",151119,NA,"benthos",NA,NA,NA
"1034",151353,"fish",NA,NA,NA,NA
"1035",151374,"benthos",NA,NA,NA,NA
"1036",151628,"benthos",NA,NA,NA,NA
"1037",152203,"zooplankton",NA,"zooplankton",NA,NA
"1038",152249,"benthos","zooplankton",NA,NA,NA
"1039",152302,"macrobenthos",NA,NA,NA,NA
"1040",152391,"benthos","plankton",NA,NA,NA
"1041",152774,"benthos","benthos",NA,NA,NA
"1042",153375,"benthos",NA,NA,NA,NA
"1043",153575,"macrobenthos","zooplankton",NA,NA,NA
"1044",154127,"benthos","zooplankton",NA,NA,NA
"1045",154555,"meiobenthos",NA,NA,NA,NA
"1046",154781,"fish",NA,NA,NA,NA
"1047",154974,"benthos","zooplankton",NA,NA,NA
"1048",155098,"benthos","zooplankton",NA,NA,NA
"1049",155375,"benthos","zooplankton",NA,NA,NA
"1050",155549,"benthos",NA,NA,NA,NA
"1051",155876,NA,NA,NA,NA,NA
"1052",155879,NA,NA,NA,NA,NA
"1053",156261,"macroalgae",NA,NA,NA,NA
"1054",156505,"microplankton",NA,NA,NA,NA
"1055",156598,"phytoplankton",NA,NA,NA,NA
"1056",156967,NA,"zooplankton","benthos",NA,NA
"1057",157078,"phytoplankton",NA,NA,NA,NA
"1058",157186,"macroalgae",NA,NA,NA,NA
"1059",157188,"macroalgae",NA,NA,NA,NA
"1060",157256,"phytoplankton",NA,NA,NA,NA
"1061",157258,"phytoplankton",NA,NA,NA,NA
"1062",157261,"macroalgae",NA,NA,NA,NA
"1063",157333,"macroalgae",NA,NA,NA,NA
"1064",157411,"macrobenthos",NA,NA,NA,NA
"1065",157466,"algae",NA,NA,NA,NA
"1066",157947,NA,NA,"macrobenthos",NA,NA
"1067",158478,"macrobenthos",NA,NA,NA,NA
"1068",158491,"benthos",NA,NA,NA,NA
"1069",160026,"benthos",NA,NA,NA,NA
"1070",160343,"macrobenthos",NA,NA,NA,NA
"1071",160538,"phytoplankton",NA,NA,NA,NA
"1072",160563,"phytoplankton",NA,NA,NA,NA
"1073",160564,"mixoplankton",NA,NA,NA,NA
"1074",160581,"algae",NA,NA,NA,NA
"1075",160582,"algae",NA,NA,NA,NA
"1076",160585,"mixoplankton",NA,NA,NA,NA
"1077",160595,"algae",NA,NA,NA,NA
"1078",160597,"algae",NA,NA,NA,NA
"1079",162254,"phytoplankton",NA,NA,NA,NA
"1080",162345,"benthos",NA,NA,NA,NA
"1081",162403,"benthos",NA,NA,NA,NA
"1082",162814,"macroalgae",NA,NA,NA,NA
"1083",162880,"macroalgae",NA,NA,NA,NA
"1084",162949,NA,NA,NA,NA,NA
"1085",162973,NA,NA,NA,NA,NA
"1086",162991,"benthos",NA,NA,NA,NA
"1087",163060,"benthos",NA,NA,NA,NA
"1088",163067,"benthos",NA,NA,NA,NA
"1089",163254,"benthos",NA,NA,NA,NA
"1090",163505,"algae",NA,NA,NA,NA
"1091",163556,"benthos",NA,NA,NA,NA
"1092",163559,"benthos",NA,NA,NA,NA
"1093",163573,"benthos",NA,NA,NA,NA
"1094",163583,"benthos",NA,NA,NA,NA
"1095",163645,"phytoplankton",NA,NA,NA,NA
"1096",163780,"zooplankton",NA,NA,NA,NA
"1097",163862,"microplankton",NA,NA,NA,NA
"1098",164103,"macroalgae",NA,NA,NA,NA
"1099",164147,NA,NA,NA,NA,NA
"1100",164150,NA,NA,NA,NA,NA
"1101",164784,"macrobenthos",NA,NA,NA,NA
"1102",167108,"macrobenthos",NA,NA,NA,NA
"1103",167151,"macrobenthos",NA,NA,NA,NA
"1104",168004,"macrobenthos",NA,NA,NA,NA
"1105",168455,"macrobenthos",NA,NA,NA,NA
"1106",169725,"macrobenthos",NA,NA,NA,NA
"1107",170782,"macrobenthos",NA,NA,NA,NA
"1108",172144,"zooplankton",NA,NA,NA,NA
"1109",172147,NA,NA,NA,NA,NA
"1110",172150,NA,NA,NA,NA,NA
"1111",172155,NA,NA,NA,NA,NA
"1112",172169,NA,NA,NA,NA,NA
"1113",172180,NA,NA,NA,NA,NA
"1114",172188,NA,NA,NA,NA,NA
"1115",172191,NA,NA,NA,NA,NA
"1116",172221,NA,NA,NA,NA,NA
"1117",172229,NA,NA,NA,NA,NA
"1118",172237,NA,NA,NA,NA,NA
"1119",172252,NA,NA,NA,NA,NA
"1120",172316,"benthos",NA,NA,NA,NA
"1121",172321,"benthos",NA,NA,NA,NA
"1122",172341,"microbenthos",NA,NA,NA,NA
"1123",173128,NA,NA,"macrobenthos",NA,NA
"1124",173223,"macrobenthos","zooplankton",NA,NA,NA
"1125",175404,"benthos",NA,NA,NA,NA
"1126",175430,"benthos",NA,NA,NA,NA
"1127",175582,"phytoplankton",NA,NA,NA,NA
"1128",176043,"benthos",NA,NA,NA,NA
"1129",177198,NA,NA,NA,NA,NA
"1130",177229,NA,NA,NA,NA,NA
"1131",177380,NA,NA,NA,NA,NA
"1132",177726,"benthos","zooplankton",NA,NA,NA
"1133",177852,NA,NA,NA,NA,NA
"1134",178479,"macrobenthos",NA,NA,NA,NA
"1135",178583,"macroalgae",NA,NA,NA,NA
"1136",178694,"benthos",NA,NA,NA,NA
"1137",178762,"benthos",NA,NA,NA,NA
"1138",178911,"benthos",NA,NA,NA,NA
"1139",178915,"macroalgae",NA,NA,NA,NA
"1140",178973,"algae",NA,NA,NA,NA
"1141",179270,"benthos",NA,NA,NA,NA
"1142",179292,"benthos",NA,NA,NA,NA
"1143",179322,"benthos",NA,NA,NA,NA
"1144",179324,"benthos",NA,NA,NA,NA
"1145",179326,"benthos",NA,NA,NA,NA
"1146",180390,"phytoplankton",NA,NA,NA,NA
"1147",181343,"benthos",NA,NA,NA,NA
"1148",181564,"benthos",NA,NA,NA,NA
"1149",182715,"macrobenthos","zooplankton",NA,NA,NA
"1150",183533,"microplankton",NA,NA,NA,NA
"1151",183543,"microplankton",NA,NA,NA,NA
"1152",183566,"microplankton",NA,NA,NA,NA
"1153",183568,"microplankton",NA,NA,NA,NA
"1154",183607,"benthos","zooplankton",NA,NA,NA
"1155",184428,"macrobenthos",NA,NA,NA,NA
"1156",195982,"benthos","zooplankton",NA,NA,NA
"1157",195989,"meiobenthos",NA,NA,NA,NA
"1158",196243,"algae",NA,NA,NA,NA
"1159",196347,"benthos",NA,NA,NA,NA
"1160",196539,NA,NA,"zooplankton",NA,NA
"1161",196817,"benthos",NA,NA,NA,NA
"1162",204120,"macrobenthos",NA,NA,NA,NA
"1163",204197,"microplankton",NA,NA,NA,NA
"1164",204437,"benthos",NA,NA,NA,NA
"1165",204503,"macroalgae",NA,NA,NA,NA
"1166",207516,"macrobenthos",NA,"mesoplankton",NA,NA
"1167",208924,"phytobenthos",NA,NA,NA,NA
"1168",209641,"macrobenthos",NA,NA,NA,NA
"1169",217260,NA,NA,NA,NA,NA
"1170",221114,"macrobenthos",NA,NA,NA,NA
"1171",221243,NA,NA,"zooplankton",NA,NA
"1172",224570,"benthos",NA,NA,NA,NA
"1173",224589,"benthos",NA,NA,NA,NA
"1174",225130,"benthos",NA,NA,NA,NA
"1175",225984,NA,NA,NA,NA,NA
"1176",226375,"macrobenthos",NA,NA,NA,NA
"1177",231662,NA,"zooplankton","benthos",NA,NA
"1178",231681,NA,"zooplankton","benthos",NA,NA
"1179",231698,NA,NA,NA,NA,NA
"1180",231750,"benthos",NA,NA,NA,NA
"1181",231751,NA,NA,"macrobenthos",NA,NA
"1182",231787,"phytoplankton",NA,NA,NA,NA
"1183",231788,"phytoplankton",NA,NA,NA,NA
"1184",231789,"phytoplankton",NA,NA,NA,NA
"1185",231790,"phytoplankton",NA,NA,NA,NA
"1186",231793,"phytoplankton",NA,NA,NA,NA
"1187",231794,"nanoplankton",NA,NA,NA,NA
"1188",231799,"phytoplankton",NA,NA,NA,NA
"1189",231813,"nanoplankton",NA,NA,NA,NA
"1190",232012,NA,NA,NA,NA,NA
"1191",232248,"nanoplankton",NA,NA,NA,NA
"1192",232437,"microbenthos",NA,NA,NA,NA
"1193",232530,"microbenthos",NA,NA,NA,NA
"1194",232813,"phytoplankton",NA,NA,NA,NA
"1195",232861,"microplankton",NA,NA,NA,NA
"1196",233447,"phytoplankton",NA,NA,NA,NA
"1197",233761,"mixoplankton",NA,NA,NA,NA
"1198",234035,NA,NA,NA,NA,NA
"1199",234074,"macrobenthos",NA,NA,NA,NA
"1200",234462,"macroalgae",NA,NA,NA,NA
"1201",234498,NA,NA,NA,NA,NA
"1202",234851,"megabenthos",NA,NA,NA,NA
"1203",235773,"benthos",NA,NA,NA,NA
"1204",235985,"phytoplankton",NA,NA,NA,NA
"1205",236130,"macrobenthos",NA,NA,NA,NA
"1206",236509,"macrobenthos",NA,NA,NA,NA
"1207",236510,NA,NA,NA,NA,NA
"1208",237812,"macrobenthos","zooplankton",NA,NA,NA
"1209",238194,"macrobenthos",NA,NA,NA,NA
"1210",241154,"macrobenthos","zooplankton",NA,NA,NA
"1211",243526,"macrobenthos",NA,NA,NA,NA
"1212",246591,"mixoplankton",NA,NA,NA,NA
"1213",246599,"nanoplankton",NA,NA,NA,NA
"1214",246835,"mixoplankton",NA,NA,NA,NA
"1215",246870,"zooplankton",NA,NA,NA,NA
"1216",247836,"meiobenthos",NA,NA,NA,NA
"1217",247915,"microplankton",NA,NA,NA,NA
"1218",247966,"microbenthos",NA,NA,NA,NA
"1219",248051,"macrobenthos",NA,NA,NA,NA
"1220",248097,"phytoplankton",NA,NA,NA,NA
"1221",248107,"algae",NA,NA,NA,NA
"1222",248112,"phytoplankton",NA,NA,NA,NA
"1223",248148,"algae",NA,NA,NA,NA
"1224",248172,"algae",NA,NA,NA,NA
"1225",249731,"mixoplankton",NA,NA,NA,NA
"1226",249965,"macrobenthos","zooplankton",NA,NA,NA
"1227",250081,"macrobenthos","zooplankton",NA,NA,NA
"1228",250313,"macrobenthos","zooplankton",NA,NA,NA
"1229",250375,"macrobenthos","zooplankton",NA,NA,NA
"1230",254450,"benthos",NA,NA,NA,NA
"1231",256988,"macrobenthos",NA,NA,NA,NA
"1232",261020,"macrobenthos",NA,NA,NA,NA
"1233",272030,"fish",NA,NA,NA,NA
"1234",283378,NA,NA,"macrobenthos",NA,NA
"1235",283820,"macrobenthos",NA,"zooplankton",NA,NA
"1236",283836,"macrobenthos",NA,NA,NA,NA
"1237",284158,NA,NA,"macrobenthos",NA,NA
"1238",284446,NA,"zooplankton","benthos",NA,NA
"1239",284632,NA,"zooplankton","benthos",NA,NA
"1240",285081,NA,"zooplankton","benthos",NA,NA
"1241",287214,"zooplankton",NA,"zooplankton",NA,NA
"1242",287231,"macrobenthos",NA,NA,NA,NA
"1243",288316,"macrobenthos",NA,NA,NA,NA
"1244",289801,"macrobenthos",NA,NA,NA,NA
"1245",289919,"megabenthos",NA,NA,NA,NA
"1246",290145,NA,NA,"macrobenthos",NA,NA
"1247",290756,NA,NA,"macrobenthos",NA,NA
"1248",292684,NA,NA,NA,NA,NA
"1249",295874,"macroalgae",NA,NA,NA,NA
"1250",295880,"macroalgae",NA,NA,NA,NA
"1251",327249,"benthos","zooplankton",NA,NA,NA
"1252",328326,"macrobenthos",NA,NA,NA,NA
"1253",329921,"benthos","zooplankton",NA,NA,NA
"1254",332504,"benthos","zooplankton",NA,NA,NA
"1255",333843,"macrobenthos",NA,NA,NA,NA
"1256",334508,"macrobenthos",NA,NA,NA,NA
"1257",334512,"macrobenthos",NA,NA,NA,NA
"1258",335677,"benthos","zooplankton",NA,NA,NA
"1259",341291,"benthos",NA,NA,NA,NA
"1260",341292,"benthos",NA,NA,NA,NA
"1261",341301,"benthos",NA,NA,NA,NA
"1262",341344,"benthos",NA,NA,NA,NA
"1263",341352,"algae",NA,NA,NA,NA
"1264",341364,"benthos",NA,NA,NA,NA
"1265",341612,"mixoplankton",NA,NA,NA,NA
"1266",341637,"benthos",NA,NA,NA,NA
"1267",341652,"benthos",NA,NA,NA,NA
"1268",342526,"benthos",NA,NA,NA,NA
"1269",342571,"benthos",NA,NA,NA,NA
"1270",345440,"benthos",NA,NA,NA,NA
"1271",345459,"algae",NA,NA,NA,NA
"1272",345465,"algae",NA,NA,NA,NA
"1273",345469,"algae",NA,NA,NA,NA
"1274",345496,"algae",NA,NA,NA,NA
"1275",345500,"algae",NA,NA,NA,NA
"1276",345504,"phytoplankton",NA,NA,NA,NA
"1277",345835,"phytoplankton",NA,NA,NA,NA
"1278",351173,NA,NA,NA,NA,NA
"1279",360846,"mesoplankton",NA,NA,NA,NA
"1280",362901,"mesoplankton",NA,NA,NA,NA
"1281",362956,"meiobenthos",NA,NA,NA,NA
"1282",363322,"zooplankton",NA,NA,NA,NA
"1283",363596,"mesoplankton",NA,NA,NA,NA
"1284",363760,"meiobenthos",NA,NA,NA,NA
"1285",367297,"fish",NA,NA,NA,NA
"1286",367346,"phytoplankton",NA,NA,NA,NA
"1287",368670,"algae",NA,NA,NA,NA
"1288",368690,"algae",NA,NA,NA,NA
"1289",368765,"algae",NA,NA,NA,NA
"1290",368772,"algae",NA,NA,NA,NA
"1291",369147,"benthos",NA,NA,NA,NA
"1292",369536,"algae",NA,NA,NA,NA
"1293",370187,"algae",NA,NA,NA,NA
"1294",371106,"macroalgae",NA,NA,NA,NA
"1295",371362,"algae",NA,NA,NA,NA
"1296",371454,"macroalgae",NA,NA,NA,NA
"1297",371797,"macroalgae",NA,NA,NA,NA
"1298",371903,"macroalgae",NA,NA,NA,NA
"1299",371957,"macroalgae",NA,NA,NA,NA
"1300",372007,"algae",NA,NA,NA,NA
"1301",372015,"algae",NA,NA,NA,NA
"1302",372088,"macroalgae",NA,NA,NA,NA
"1303",372280,"macroalgae",NA,NA,NA,NA
"1304",372404,"macroalgae",NA,NA,NA,NA
"1305",372616,"algae",NA,NA,NA,NA
"1306",372622,"macroalgae",NA,NA,NA,NA
"1307",372652,"algae",NA,NA,NA,NA
"1308",372727,"macroalgae",NA,NA,NA,NA
"1309",372894,"macroalgae",NA,NA,NA,NA
"1310",373467,"algae",NA,NA,NA,NA
"1311",373984,"macroalgae",NA,NA,NA,NA
"1312",374025,"algae",NA,NA,NA,NA
"1313",374569,"algae",NA,NA,NA,NA
"1314",375171,"algae",NA,NA,NA,NA
"1315",375673,"algae",NA,NA,NA,NA
"1316",375699,"algae",NA,NA,NA,NA
"1317",376035,"macroalgae",NA,NA,NA,NA
"1318",376073,"phytoplankton",NA,NA,NA,NA
"1319",376147,NA,NA,NA,NA,NA
"1320",376151,"phytoplankton",NA,NA,NA,NA
"1321",376211,"macroalgae",NA,NA,NA,NA
"1322",376357,"algae",NA,NA,NA,NA
"1323",376734,"algae",NA,NA,NA,NA
"1324",376838,"macroalgae",NA,NA,NA,NA
"1325",377233,"macroalgae",NA,NA,NA,NA
"1326",378492,"benthos",NA,NA,NA,NA
"1327",379828,"macrobenthos",NA,NA,NA,NA
"1328",379998,"macrobenthos",NA,NA,NA,NA
"1329",382318,"benthos",NA,NA,NA,NA
"1330",382434,NA,NA,NA,NA,NA
"1331",387943,"benthos",NA,NA,NA,NA
"1332",389272,"benthos",NA,NA,NA,NA
"1333",389612,"mixoplankton",NA,NA,NA,NA
"1334",390708,"benthos",NA,NA,NA,NA
"1335",390772,"benthos",NA,NA,NA,NA
"1336",390779,NA,NA,NA,NA,NA
"1337",391508,"nanoplankton",NA,NA,NA,NA
"1338",391846,"benthos",NA,NA,NA,NA
"1339",391848,NA,NA,NA,NA,NA
"1340",391862,NA,NA,NA,NA,NA
"1341",391916,"benthos",NA,NA,NA,NA
"1342",391925,NA,NA,NA,NA,NA
"1343",393604,"zooplankton",NA,NA,NA,NA
"1344",394836,NA,NA,NA,NA,NA
"1345",394869,NA,NA,NA,NA,NA
"1346",396309,"zooplankton",NA,NA,NA,NA
"1347",407028,"meiobenthos",NA,NA,NA,NA
"1348",409593,"zooplankton",NA,NA,NA,NA
"1349",413963,NA,NA,NA,NA,NA
"1350",414318,"turbellaria",NA,NA,NA,NA
"1351",414692,NA,NA,NA,NA,NA
"1352",414693,NA,NA,NA,NA,NA
"1353",414707,"meiobenthos",NA,NA,NA,NA
"1354",414708,"benthos",NA,NA,NA,NA
"1355",414709,"benthos",NA,NA,NA,NA
"1356",414710,"benthos",NA,NA,NA,NA
"1357",414711,"benthos",NA,NA,NA,NA
"1358",414712,"benthos",NA,NA,NA,NA
"1359",414717,"benthos",NA,NA,NA,NA
"1360",414718,"benthos",NA,NA,NA,NA
"1361",414795,NA,NA,NA,NA,NA
"1362",414881,NA,NA,NA,NA,NA
"1363",414915,NA,NA,NA,NA,NA
"1364",415158,"benthos",NA,NA,NA,NA
"1365",415205,"benthos",NA,NA,NA,NA
"1366",415247,"benthos",NA,NA,NA,NA
"1367",415302,"benthos",NA,NA,NA,NA
"1368",415489,"benthos",NA,NA,NA,NA
"1369",415505,NA,NA,NA,NA,NA
"1370",415756,"benthos",NA,NA,NA,NA
"1371",415804,"benthos",NA,NA,NA,NA
"1372",415870,"benthos",NA,NA,NA,NA
"1373",415940,NA,NA,NA,NA,NA
"1374",416056,"benthos",NA,NA,NA,NA
"1375",416215,NA,NA,NA,NA,NA
"1376",416368,"meiobenthos",NA,NA,NA,NA
"1377",417077,"benthos",NA,NA,NA,NA
"1378",417096,"benthos",NA,NA,NA,NA
"1379",417099,"benthos",NA,NA,NA,NA
"1380",417100,"benthos",NA,NA,NA,NA
"1381",417103,"benthos",NA,NA,NA,NA
"1382",417111,"benthos",NA,NA,NA,NA
"1383",417153,"zooplankton",NA,NA,NA,NA
"1384",417364,"benthos",NA,NA,NA,NA
"1385",417416,"benthos",NA,NA,NA,NA
"1386",417440,"benthos",NA,NA,NA,NA
"1387",420892,"benthos",NA,NA,NA,NA
"1388",420973,"benthos",NA,NA,NA,NA
"1389",423967,"macrobenthos",NA,NA,NA,NA
"1390",425401,"benthos",NA,NA,NA,NA
"1391",425417,"benthos",NA,NA,NA,NA
"1392",425420,"benthos",NA,NA,NA,NA
"1393",425425,"benthos",NA,NA,NA,NA
"1394",425440,"benthos",NA,NA,NA,NA
"1395",425487,"benthos",NA,NA,NA,NA
"1396",425488,"benthos",NA,NA,NA,NA
"1397",425491,"benthos",NA,NA,NA,NA
"1398",425500,"benthos",NA,NA,NA,NA
"1399",425502,"benthos",NA,NA,NA,NA
"1400",425509,"zooplankton",NA,NA,NA,NA
"1401",425519,"benthos",NA,NA,NA,NA
"1402",425527,"microplankton",NA,NA,NA,NA
"1403",425537,"benthos",NA,NA,NA,NA
"1404",425546,"benthos",NA,NA,NA,NA
"1405",425585,"benthos",NA,NA,NA,NA
"1406",425652,"mixoplankton",NA,NA,NA,NA
"1407",426217,NA,NA,NA,NA,NA
"1408",426547,"benthos",NA,NA,NA,NA
"1409",426571,"benthos",NA,NA,NA,NA
"1410",426633,"benthos",NA,NA,NA,NA
"1411",426701,"benthos",NA,NA,NA,NA
"1412",426952,"benthos",NA,NA,NA,NA
"1413",427034,"benthos",NA,NA,NA,NA
"1414",427046,"benthos",NA,NA,NA,NA
"1415",427050,"benthos",NA,NA,NA,NA
"1416",427056,"benthos",NA,NA,NA,NA
"1417",427062,"benthos",NA,NA,NA,NA
"1418",427063,"benthos",NA,NA,NA,NA
"1419",427069,"benthos",NA,NA,NA,NA
"1420",427113,"benthos",NA,NA,NA,NA
"1421",427385,"zooplankton",NA,NA,NA,NA
"1422",427510,"microplankton",NA,NA,NA,NA
"1423",427650,"benthos",NA,NA,NA,NA
"1424",427654,"benthos",NA,NA,NA,NA
"1425",427655,"benthos",NA,NA,NA,NA
"1426",427657,"benthos",NA,NA,NA,NA
"1427",427661,"benthos",NA,NA,NA,NA
"1428",427668,"benthos",NA,NA,NA,NA
"1429",427672,"benthos",NA,NA,NA,NA
"1430",427673,"benthos",NA,NA,NA,NA
"1431",427692,"benthos",NA,NA,NA,NA
"1432",427694,"benthos",NA,NA,NA,NA
"1433",427701,"benthos",NA,NA,NA,NA
"1434",427710,"benthos",NA,NA,NA,NA
"1435",427716,"mixoplankton",NA,NA,NA,NA
"1436",427722,"zooplankton",NA,NA,NA,NA
"1437",427746,"benthos",NA,NA,NA,NA
"1438",427748,"benthos",NA,NA,NA,NA
"1439",427750,"benthos",NA,NA,NA,NA
"1440",427936,"benthos",NA,NA,NA,NA
"1441",428000,"benthos",NA,NA,NA,NA
"1442",428524,"algae",NA,NA,NA,NA
"1443",428538,NA,NA,NA,NA,NA
"1444",428550,"zooplankton",NA,NA,NA,NA
"1445",431954,"microbenthos",NA,NA,NA,NA
"1446",437249,NA,NA,NA,NA,NA
"1447",437254,NA,NA,NA,NA,NA
"1448",437290,NA,NA,NA,NA,NA
"1449",437295,NA,NA,NA,NA,NA
"1450",437457,NA,NA,NA,NA,NA
"1451",437666,NA,NA,NA,NA,NA
"1452",437724,NA,NA,NA,NA,NA
"1453",437911,NA,NA,NA,NA,NA
"1454",437912,NA,NA,NA,NA,NA
"1455",437926,NA,NA,NA,NA,NA
"1456",437935,NA,NA,NA,NA,NA
"1457",437955,NA,NA,NA,NA,NA
"1458",437997,NA,NA,NA,NA,NA
"1459",438945,NA,NA,NA,NA,NA
"1460",438946,NA,NA,NA,NA,NA
"1461",438948,NA,NA,NA,NA,NA
"1462",446837,"benthos",NA,NA,NA,NA
"1463",449181,NA,NA,NA,NA,NA
"1464",450612,"phytoplankton",NA,NA,NA,NA
"1465",450865,NA,NA,NA,NA,NA
"1466",451642,NA,NA,NA,NA,NA
"1467",461139,"benthos",NA,NA,NA,NA
"1468",462278,"benthos",NA,NA,NA,NA
"1469",462310,"benthos",NA,NA,NA,NA
"1470",465357,NA,NA,NA,NA,NA
"1471",468026,"macrobenthos","zooplankton",NA,NA,NA
"1472",468111,"meiobenthos",NA,NA,NA,NA
"1473",474842,NA,NA,NA,NA,NA
"1474",475211,"macroalgae",NA,NA,NA,NA
"1475",479175,NA,NA,NA,NA,NA
"1476",479227,"turbellaria",NA,NA,NA,NA
"1477",479468,"benthos",NA,NA,NA,NA
"1478",480853,"benthos",NA,NA,NA,NA
"1479",481335,"turbellaria",NA,NA,NA,NA
"1480",489054,"benthos",NA,NA,NA,NA
"1481",491768,"benthos",NA,NA,NA,NA
"1482",493821,"phytoplankton",NA,NA,NA,NA
"1483",493835,"algae",NA,NA,NA,NA
"1484",493836,"algae",NA,NA,NA,NA
"1485",493878,"algae",NA,NA,NA,NA
"1486",494074,"nanoplankton",NA,NA,NA,NA
"1487",494940,"macroalgae",NA,NA,NA,NA
"1488",494972,"macroalgae",NA,NA,NA,NA
"1489",495287,"mixoplankton",NA,NA,NA,NA
"1490",495346,"phytoplankton",NA,NA,NA,NA
"1491",495597,"algae",NA,NA,NA,NA
"1492",496188,"macroalgae",NA,NA,NA,NA
"1493",496828,"macroalgae",NA,NA,NA,NA
"1494",501881,"macroalgae",NA,NA,NA,NA
"1495",502848,"macroalgae",NA,NA,NA,NA
"1496",503081,"algae",NA,NA,NA,NA
"1497",503316,NA,NA,NA,NA,NA
"1498",508290,NA,NA,NA,NA,NA
"1499",509607,"zooplankton",NA,NA,NA,NA
"1500",513312,"epibenthos",NA,NA,NA,NA
"1501",535477,"benthos","zooplankton",NA,NA,NA
"1502",536209,NA,NA,NA,NA,NA
"1503",547544,"benthos",NA,NA,NA,NA
"1504",547853,"macroalgae",NA,NA,NA,NA
"1505",548021,"macroalgae",NA,NA,NA,NA
"1506",549204,"phytoplankton",NA,NA,NA,NA
"1507",553329,"macroalgae",NA,NA,NA,NA
"1508",553420,"phytoplankton",NA,NA,NA,NA
"1509",554712,"macroalgae",NA,NA,NA,NA
"1510",555940,"phytoplankton",NA,NA,NA,NA
"1511",557512,"macrobenthos","zooplankton",NA,NA,NA
"1512",558545,NA,NA,NA,NA,NA
"1513",558590,NA,NA,NA,NA,NA
"1514",562628,"algae",NA,NA,NA,NA
"1515",562629,"algae",NA,NA,NA,NA
"1516",562641,"nanoplankton",NA,NA,NA,NA
"1517",562661,"nanoplankton",NA,NA,NA,NA
"1518",562667,"nanoplankton",NA,NA,NA,NA
"1519",562673,NA,NA,NA,NA,NA
"1520",562695,NA,NA,NA,NA,NA
"1521",562703,NA,NA,NA,NA,NA
"1522",562732,NA,NA,NA,NA,NA
"1523",562744,NA,NA,NA,NA,NA
"1524",562814,NA,NA,NA,NA,NA
"1525",562852,"zooplankton",NA,NA,NA,NA
"1526",562853,"zooplankton",NA,NA,NA,NA
"1527",562869,"zooplankton",NA,NA,NA,NA
"1528",563247,NA,NA,NA,NA,NA
"1529",563253,NA,NA,NA,NA,NA
"1530",563579,"zooplankton",NA,NA,NA,NA
"1531",563667,NA,NA,NA,NA,NA
"1532",564486,"benthos","zooplankton",NA,NA,NA
"1533",564911,"macrobenthos",NA,NA,NA,NA
"1534",568218,"benthos",NA,NA,NA,NA
"1535",573781,"mixoplankton",NA,NA,NA,NA
"1536",573829,"phytoplankton",NA,NA,NA,NA
"1537",573878,"phytoplankton",NA,NA,NA,NA
"1538",573884,"mixoplankton",NA,NA,NA,NA
"1539",573916,"algae",NA,NA,NA,NA
"1540",573929,"mixoplankton",NA,NA,NA,NA
"1541",577493,"zooplankton",NA,NA,NA,NA
"1542",577498,"nanoplankton",NA,NA,NA,NA
"1543",577743,"phytoplankton",NA,NA,NA,NA
"1544",580086,NA,NA,NA,NA,NA
"1545",581514,NA,NA,NA,NA,NA
"1546",582187,NA,NA,NA,NA,NA
"1547",582189,NA,NA,NA,NA,NA
"1548",582205,NA,NA,NA,NA,NA
"1549",582219,NA,NA,NA,NA,NA
"1550",582420,NA,NA,NA,NA,NA
"1551",590572,NA,NA,NA,NA,NA
"1552",590696,NA,NA,NA,NA,NA
"1553",590697,NA,NA,NA,NA,NA
"1554",590699,"zooplankton",NA,NA,NA,NA
"1555",590925,"zooplankton",NA,NA,NA,NA
"1556",590937,"zooplankton",NA,NA,NA,NA
"1557",590939,"zooplankton",NA,NA,NA,NA
"1558",591248,"zooplankton",NA,NA,NA,NA
"1559",591250,"zooplankton",NA,NA,NA,NA
"1560",591251,"zooplankton",NA,NA,NA,NA
"1561",592749,"benthos",NA,NA,NA,NA
"1562",593555,"algae",NA,NA,NA,NA
"1563",593689,"zooplankton",NA,NA,NA,NA
"1564",594013,NA,"zooplankton","benthos",NA,NA
"1565",594555,NA,NA,NA,NA,NA
"1566",594776,NA,NA,NA,NA,NA
"1567",594782,NA,NA,NA,NA,NA
"1568",595092,"zooplankton",NA,NA,NA,NA
"1569",595206,"zooplankton",NA,NA,NA,NA
"1570",595221,"mixoplankton",NA,NA,NA,NA
"1571",598786,"benthos","zooplankton",NA,NA,NA
"1572",599664,"nanoplankton",NA,NA,NA,NA
"1573",599673,"algae",NA,NA,NA,NA
"1574",601177,"mixoplankton",NA,NA,NA,NA
"1575",601282,"plankton",NA,NA,NA,NA
"1576",601409,"phytoplankton",NA,NA,NA,NA
"1577",601744,NA,NA,NA,NA,NA
"1578",602444,"phytoplankton",NA,NA,NA,NA
"1579",603335,"zooplankton",NA,NA,NA,NA
"1580",603763,"zooplankton",NA,NA,NA,NA
"1581",603911,"zooplankton",NA,NA,NA,NA
"1582",604432,"nanoplankton",NA,NA,NA,NA
"1583",604810,"phytoplankton",NA,NA,NA,NA
"1584",607950,"macrobenthos",NA,NA,NA,NA
"1585",610185,"algae",NA,NA,NA,NA
"1586",612887,"microbenthos",NA,NA,NA,NA
"1587",615536,"algae",NA,NA,NA,NA
"1588",616284,"algae",NA,NA,NA,NA
"1589",619839,"microplankton",NA,NA,NA,NA
"1590",620413,NA,NA,NA,NA,NA
"1591",621678,"benthos",NA,NA,NA,NA
"1592",622620,"algae",NA,NA,NA,NA
"1593",623118,"microbenthos",NA,NA,NA,NA
"1594",623449,"phytoplankton",NA,NA,NA,NA
"1595",623450,"phytoplankton",NA,NA,NA,NA
"1596",624228,"macroalgae",NA,NA,NA,NA
"1597",624263,"algae",NA,NA,NA,NA
"1598",624445,"phytoplankton",NA,NA,NA,NA
"1599",624457,"microbenthos",NA,NA,NA,NA
"1600",624973,"mixoplankton",NA,NA,NA,NA
"1601",624975,"mixoplankton",NA,NA,NA,NA
"1602",625011,"macroalgae",NA,NA,NA,NA
"1603",626025,"algae",NA,NA,NA,NA
"1604",626059,"macroalgae",NA,NA,NA,NA
"1605",626385,"microbenthos",NA,NA,NA,NA
"1606",631828,"macroalgae",NA,NA,NA,NA
"1607",637672,"macroalgae",NA,NA,NA,NA
"1608",655923,"macroalgae",NA,NA,NA,NA
"1609",663583,"microplankton",NA,NA,"phytoplankton",NA
"1610",668195,"macroalgae",NA,NA,NA,NA
"1611",674716,"mixoplankton",NA,NA,NA,NA
"1612",689176,"benthos",NA,NA,NA,NA
"1613",694010,"mixoplankton",NA,NA,NA,NA
"1614",699623,"mixoplankton",NA,NA,NA,NA
"1615",699648,"macroalgae",NA,NA,NA,NA
"1616",707553,NA,NA,NA,NA,NA
"1617",707589,NA,NA,NA,NA,NA
"1618",707611,NA,NA,NA,NA,NA
"1619",707629,"nanoplankton",NA,NA,NA,NA
"1620",707712,"zooplankton",NA,NA,NA,NA
"1621",708115,NA,NA,NA,NA,NA
"1622",711175,"benthos",NA,NA,NA,NA
"1623",712125,"benthos",NA,NA,NA,NA
"1624",712167,"benthos","zooplankton",NA,NA,NA
"1625",716016,"benthos","zooplankton",NA,NA,NA
"1626",719424,NA,NA,NA,NA,NA
"1627",729889,"phytoplankton",NA,NA,NA,NA
"1628",729926,"benthos",NA,NA,NA,NA
"1629",730531,NA,NA,NA,NA,NA
"1630",730533,NA,NA,NA,NA,NA
"1631",730535,NA,NA,NA,NA,NA
"1632",731848,NA,NA,NA,NA,NA
"1633",736173,NA,NA,NA,NA,NA
"1634",740259,"benthos",NA,NA,NA,NA
"1635",743898,"macrobenthos",NA,NA,NA,NA
"1636",751351,"benthos","zooplankton",NA,NA,NA
"1637",754175,"benthos","zooplankton",NA,NA,NA
"1638",757317,NA,NA,NA,NA,NA
"1639",761218,NA,NA,NA,NA,NA
"1640",761431,"mixoplankton",NA,NA,NA,NA
"1641",761915,"zooplankton",NA,NA,NA,NA
"1642",761917,"zooplankton",NA,NA,NA,NA
"1643",788435,"benthos",NA,NA,NA,NA
"1644",818149,NA,NA,NA,NA,NA
"1645",819962,NA,NA,NA,NA,NA
"1646",820772,"macrobenthos",NA,NA,NA,NA
"1647",827408,"benthos","zooplankton",NA,NA,NA
"1648",833060,"nanoplankton",NA,NA,NA,NA
"1649",834010,"macrobenthos","zooplankton",NA,NA,NA
"1650",834020,"macrobenthos","zooplankton",NA,NA,NA
"1651",834039,"macrobenthos","zooplankton",NA,NA,NA
"1652",836528,"mixoplankton",NA,NA,NA,NA
"1653",836674,"nanoplankton",NA,NA,NA,NA
"1654",836896,"algae",NA,NA,NA,NA
"1655",837248,"algae",NA,NA,NA,NA
"1656",840383,"phytoplankton",NA,NA,NA,NA
"1657",840689,"mixoplankton",NA,NA,NA,NA
"1658",840906,"mixoplankton",NA,NA,NA,NA
"1659",845507,"macrobenthos",NA,NA,NA,NA
"1660",845509,"macrobenthos",NA,NA,NA,NA
"1661",851584,"macrobenthos","zooplankton",NA,NA,NA
"1662",851589,"macrobenthos","zooplankton",NA,NA,NA
"1663",851593,"macrobenthos","zooplankton",NA,NA,NA
"1664",851599,"macrobenthos","zooplankton",NA,NA,NA
"1665",851772,"meiobenthos","zooplankton",NA,NA,NA
"1666",872068,"zooplankton",NA,NA,NA,NA
"1667",872112,"zooplankton",NA,NA,NA,NA
"1668",876825,"benthos",NA,NA,NA,NA
"1669",879714,"benthos",NA,NA,NA,NA
"1670",886183,"macrobenthos",NA,NA,NA,NA
"1671",886195,"macrobenthos",NA,NA,NA,NA
"1672",886998,"benthos","zooplankton",NA,NA,NA
"1673",890847,"macrobenthos",NA,NA,NA,NA
"1674",945364,"macro",NA,NA,NA,NA
"1675",969104,"phytoplankton",NA,NA,NA,NA
"1676",983260,"phytoplankton",NA,NA,NA,NA
"1677",987149,NA,NA,NA,NA,NA
"1678",988052,NA,NA,NA,NA,NA
"1679",988404,NA,NA,NA,NA,NA
"1680",988534,NA,NA,NA,NA,NA
"1681",988566,NA,NA,NA,NA,NA
"1682",988595,NA,NA,NA,NA,NA
"1683",988623,NA,NA,NA,NA,NA
"1684",988625,NA,NA,NA,NA,NA
"1685",988736,NA,NA,NA,NA,NA
"1686",989567,NA,NA,NA,NA,NA
"1687",990742,NA,NA,NA,NA,NA
"1688",990876,"mixoplankton",NA,NA,NA,NA
"1689",993625,"nekton",NA,NA,NA,NA
"1690",993634,"nekton",NA,NA,NA,NA
"1691",994658,"macrobenthos",NA,NA,NA,NA
"1692",995244,NA,NA,NA,NA,NA
"1693",1015301,"macrobenthos",NA,NA,NA,NA
"1694",1015302,"macrobenthos",NA,NA,NA,NA
"1695",1027787,"algae",NA,NA,NA,NA
"1696",1030592,"benthos",NA,NA,NA,NA
"1697",1039839,"benthos",NA,NA,NA,NA
"1698",1039840,"benthos",NA,NA,NA,NA
"1699",1071789,"benthos",NA,NA,NA,NA
"1700",1214718,"phytoplankton",NA,NA,NA,NA
"1701",1250413,"benthos",NA,NA,NA,NA
"1702",1258721,"macrobenthos",NA,NA,NA,NA
"1703",1296507,"benthos",NA,NA,NA,NA
"1704",1299683,NA,NA,NA,NA,NA
"1705",1299982,NA,NA,NA,NA,NA
"1706",1300999,NA,NA,NA,NA,NA
"1707",1306465,"algae",NA,NA,NA,NA
"1708",1307995,"phytoplankton",NA,NA,NA,NA
"1709",1308804,"benthos",NA,NA,NA,NA
"1710",1311146,"algae",NA,NA,NA,NA
"1711",1311357,"algae",NA,NA,NA,NA
"1712",1339221,"macroalgae",NA,NA,NA,NA
"1713",1339998,"benthos",NA,NA,NA,NA
"1714",1340377,"macroalgae",NA,NA,NA,NA
"1715",1350162,"nekton",NA,NA,NA,NA
"1716",1356591,"macroalgae",NA,NA,NA,NA
"1717",1356721,"macroalgae",NA,NA,NA,NA
"1718",1359175,"algae",NA,NA,NA,NA
"1719",1360916,"algae",NA,NA,NA,NA
"1720",1361004,"nanoplankton",NA,NA,NA,NA
"1721",1361130,"algae",NA,NA,NA,NA
"1722",1361153,"algae",NA,NA,NA,NA
"1723",1361158,"algae",NA,NA,NA,NA
"1724",1367561,"algae",NA,NA,NA,NA
"1725",1369205,"macroalgae",NA,NA,NA,NA
"1726",1371601,"phytoplankton",NA,NA,NA,NA
"1727",1415535,NA,NA,NA,NA,NA
"1728",1415554,NA,NA,NA,NA,NA
"1729",1415558,NA,NA,NA,NA,NA
"1730",1415753,NA,NA,NA,NA,NA
"1731",1449377,"benthos","zooplankton",NA,NA,NA
"1732",1455977,"nekton",NA,NA,NA,NA
"1733",1457131,NA,NA,NA,NA,NA
"1734",1457161,NA,NA,NA,NA,NA
"1735",1457192,NA,NA,NA,NA,NA
"1736",1463739,NA,NA,NA,NA,NA
"1737",1476278,"nekton",NA,NA,NA,NA
"1738",1485565,NA,NA,NA,NA,NA
"1739",1485672,NA,NA,NA,NA,NA
"1740",1486515,NA,NA,NA,NA,NA
"1741",1486567,NA,NA,NA,NA,NA
"1742",1487061,NA,NA,NA,NA,NA
"1743",1489543,NA,NA,NA,NA,NA
"1744",1490360,NA,NA,NA,NA,NA
"1745",1492210,NA,NA,NA,NA,NA
"1746",1492213,NA,NA,NA,NA,NA
"1747",1492339,NA,NA,NA,NA,NA
"1748",1492477,NA,NA,NA,NA,NA
"1749",1492574,NA,NA,NA,NA,NA
"1750",1501345,"zooplankton",NA,NA,NA,NA
"1751",1506689,"nekton",NA,NA,NA,NA
"1752",1535277,"macroalgae",NA,NA,NA,NA
"1753",1537062,"algae",NA,NA,NA,NA
"1754",1542831,"benthos","zooplankton",NA,NA,NA
"1755",1611501,"benthos","zooplankton",NA,NA,NA
"1756",1629456,NA,"benthos",NA,NA,NA
"1757",1635533,NA,NA,NA,NA,NA
"1758",1647552,"zooplankton",NA,NA,NA,NA
"1759",1659019,"algae",NA,NA,NA,NA
"1760",1699131,"mixoplankton",NA,NA,NA,NA
"1761",1699472,"nanoplankton",NA,NA,NA,NA
"1762",1714220,NA,NA,NA,NA,NA
"1763",1732685,"macroalgae",NA,NA,NA,NA
"1764",1736990,NA,NA,NA,NA,NA
"1765",1737147,"zooplankton",NA,NA,NA,NA
"1766",1737154,"zooplankton",NA,NA,NA,NA
"1767",1737642,NA,NA,NA,NA,NA
"1768",1738155,NA,NA,NA,NA,NA
"1769",1738156,NA,NA,NA,NA,NA
"1770",1738566,NA,NA,NA,NA,NA
"1771",1748110,NA,NA,NA,NA,NA
"1772",1762560,NA,NA,NA,NA,NA
"1773",1768985,"benthos",NA,NA,NA,NA
"1774",1769006,"benthos",NA,NA,NA,NA
"1775",1770284,NA,NA,NA,NA,NA
"1776",1780374,"benthos",NA,NA,NA,NA
"1777",1789435,"macrobenthos","zooplankton",NA,NA,NA
"1778",1795189,"benthos","zooplankton",NA,NA,NA
"1779",1795998,"microbenthos",NA,NA,NA,NA
"1780",1796131,"benthos","zooplankton",NA,NA,NA
